part_index,file,archive_checkpoint,minute_rows,complete_rows,first_minute,last_minute,is_final_part
1,/data0/renzhengju/minute_active_power_part_0001.csv,100,1006,901,2025-11-25 10:15:00,2025-11-26 03:00:00,0
2,/data0/renzhengju/minute_active_power_part_0002.csv,200,1005,902,2025-11-26 03:01:00,2025-11-26 19:45:00,0
3,/data0/renzhengju/minute_active_power_part_0003.csv,300,1005,902,2025-11-26 19:46:00,2025-11-27 12:30:00,0
4,/data0/renzhengju/minute_active_power_part_0004.csv,400,1006,901,2025-11-27 12:31:00,2025-11-28 05:16:00,0
5,/data0/renzhengju/minute_active_power_part_0005.csv,500,1005,902,2025-11-28 05:17:00,2025-11-28 22:01:00,0
6,/data0/renzhengju/minute_active_power_part_0006.csv,600,1009,900,2025-11-28 22:02:00,2025-11-29 14:50:00,0
7,/data0/renzhengju/minute_active_power_part_0007.csv,700,1012,900,2025-11-29 14:51:00,2025-11-30 07:42:00,0
8,/data0/renzhengju/minute_active_power_part_0008.csv,800,1010,904,2025-11-30 07:43:00,2025-12-01 00:32:00,0
9,/data0/renzhengju/minute_active_power_part_0009.csv,900,1011,902,2025-12-01 00:33:00,2025-12-01 17:23:00,0
10,/data0/renzhengju/minute_active_power_part_0010.csv,1000,1012,900,2025-12-01 17:24:00,2025-12-02 10:15:00,0
11,/data0/renzhengju/minute_active_power_part_0011.csv,1100,1011,904,2025-12-02 10:16:00,2025-12-03 03:06:00,0
12,/data0/renzhengju/minute_active_power_part_0012.csv,1167,675,600,2025-12-03 03:07:00,2025-12-03 14:21:00,1
