minute_start,active_power_w,active_power_kw,phase_a_power_w,phase_b_power_w,phase_c_power_w,sample_count,expected_samples,coverage_ratio,is_complete,first_sample_time,last_sample_time,source_archive_count,source_archives
2025-12-22 21:34:00,11.371473,0.011371473,3.753712,3.697285,3.920476,640000,768000,0.833333333,0,2025-12-22 21:34:10.000000,2025-12-22 21:34:59.999922,1,BAY01_0020_20251222_213410_000.7z
2025-12-22 21:35:00,11.271958,0.011271958,3.739866,3.629112,3.902979,768000,768000,1.000000000,1,2025-12-22 21:35:00.000000,2025-12-22 21:35:59.999922,1,BAY01_0020_20251222_213410_000.7z
2025-12-22 21:36:00,11.344070,0.011344070,3.724840,3.664734,3.954496,768000,768000,1.000000000,1,2025-12-22 21:36:00.000000,2025-12-22 21:36:59.999922,1,BAY01_0020_20251222_213410_000.7z
2025-12-22 21:37:00,11.346989,0.011346989,3.731324,3.632791,3.982874,768000,768000,1.000000000,1,2025-12-22 21:37:00.000000,2025-12-22 21:37:59.999922,1,BAY01_0020_20251222_213410_000.7z
2025-12-22 21:38:00,11.342801,0.011342801,3.827866,3.612319,3.902617,768000,768000,1.000000000,1,2025-12-22 21:38:00.000000,2025-12-22 21:38:59.999922,1,BAY01_0020_20251222_213410_000.7z
2025-12-22 21:39:00,11.494671,0.011494671,3.815378,3.720953,3.958340,768000,768000,1.000000000,1,2025-12-22 21:39:00.000000,2025-12-22 21:39:59.999922,1,BAY01_0020_20251222_213410_000.7z
2025-12-22 21:40:00,11.377587,0.011377587,3.737499,3.651350,3.988738,768000,768000,1.000000000,1,2025-12-22 21:40:00.000000,2025-12-22 21:40:59.999922,1,BAY01_0020_20251222_213410_000.7z
2025-12-22 21:41:00,11.384889,0.011384889,3.716422,3.684738,3.983728,768000,768000,1.000000000,1,2025-12-22 21:41:00.000000,2025-12-22 21:41:59.999922,1,BAY01_0020_20251222_213410_000.7z
2025-12-22 21:42:00,11.368938,0.011368938,3.752693,3.675951,3.940294,768000,768000,1.000000000,1,2025-12-22 21:42:00.000000,2025-12-22 21:42:59.999922,1,BAY01_0020_20251222_213410_000.7z
2025-12-22 21:43:00,11.392450,0.011392450,3.818447,3.634543,3.939460,768000,768000,1.000000000,1,2025-12-22 21:43:00.000000,2025-12-22 21:43:59.999922,1,BAY01_0020_20251222_213410_000.7z
2025-12-22 21:44:00,11.429048,0.011429048,3.765354,3.672773,3.990921,128116,768000,0.166817708,0,2025-12-22 21:44:00.000000,2025-12-22 21:44:10.008984,1,BAY01_0020_20251222_213410_000.7z
2025-12-22 22:04:00,9.850507,0.009850507,5.940793,1.309267,2.600447,435200,768000,0.566666667,0,2025-12-22 22:04:26.000000,2025-12-22 22:04:59.999922,1,BAY01_0023_20251222_220426_000.7z
2025-12-22 22:05:00,9.802731,0.009802731,5.902049,1.184957,2.715724,768000,768000,1.000000000,1,2025-12-22 22:05:00.000000,2025-12-22 22:05:59.999922,1,BAY01_0023_20251222_220426_000.7z
2025-12-22 22:06:00,9.814640,0.009814640,5.889530,1.261556,2.663553,768000,768000,1.000000000,1,2025-12-22 22:06:00.000000,2025-12-22 22:06:59.999922,1,BAY01_0023_20251222_220426_000.7z
2025-12-22 22:07:00,9.893160,0.009893160,5.851194,1.316232,2.725734,768000,768000,1.000000000,1,2025-12-22 22:07:00.000000,2025-12-22 22:07:59.999922,1,BAY01_0023_20251222_220426_000.7z
2025-12-22 22:08:00,9.857711,0.009857711,5.924045,1.226991,2.706674,768000,768000,1.000000000,1,2025-12-22 22:08:00.000000,2025-12-22 22:08:59.999922,1,BAY01_0023_20251222_220426_000.7z
2025-12-22 22:09:00,9.895698,0.009895698,5.962281,1.204298,2.729118,768000,768000,1.000000000,1,2025-12-22 22:09:00.000000,2025-12-22 22:09:59.999922,1,BAY01_0023_20251222_220426_000.7z
2025-12-22 22:10:00,9.867944,0.009867944,5.840543,1.250471,2.776930,768000,768000,1.000000000,1,2025-12-22 22:10:00.000000,2025-12-22 22:10:59.999922,1,BAY01_0023_20251222_220426_000.7z
2025-12-22 22:11:00,9.850822,0.009850822,5.850681,1.252108,2.748033,768000,768000,1.000000000,1,2025-12-22 22:11:00.000000,2025-12-22 22:11:59.999922,1,BAY01_0023_20251222_220426_000.7z
2025-12-22 22:12:00,9.882941,0.009882941,5.881037,1.215975,2.785929,768000,768000,1.000000000,1,2025-12-22 22:12:00.000000,2025-12-22 22:12:59.999922,1,BAY01_0023_20251222_220426_000.7z
2025-12-22 22:13:00,9.847135,0.009847135,5.953889,1.191072,2.702175,768000,768000,1.000000000,1,2025-12-22 22:13:00.000000,2025-12-22 22:13:59.999922,1,BAY01_0023_20251222_220426_000.7z
2025-12-22 22:14:00,9.831962,0.009831962,5.940553,1.232025,2.659384,716866,768000,0.933419271,0,2025-12-22 22:14:00.000000,2025-12-22 22:14:59.999922,2,BAY01_0023_20251222_220426_000.7z;BAY01_0024_20251222_221430_000.7z
2025-12-22 22:15:00,9.836307,0.009836307,5.897931,1.210531,2.727846,768000,768000,1.000000000,1,2025-12-22 22:15:00.000000,2025-12-22 22:15:59.999922,1,BAY01_0024_20251222_221430_000.7z
2025-12-22 22:16:00,9.829450,0.009829450,5.938654,1.129099,2.761697,768000,768000,1.000000000,1,2025-12-22 22:16:00.000000,2025-12-22 22:16:59.999922,1,BAY01_0024_20251222_221430_000.7z
2025-12-22 22:17:00,9.853103,0.009853103,5.876097,1.260970,2.716036,768000,768000,1.000000000,1,2025-12-22 22:17:00.000000,2025-12-22 22:17:59.999922,1,BAY01_0024_20251222_221430_000.7z
2025-12-22 22:18:00,9.844529,0.009844529,5.857555,1.250593,2.736381,768000,768000,1.000000000,1,2025-12-22 22:18:00.000000,2025-12-22 22:18:59.999922,1,BAY01_0024_20251222_221430_000.7z
2025-12-22 22:19:00,9.856429,0.009856429,5.896102,1.184731,2.775597,768000,768000,1.000000000,1,2025-12-22 22:19:00.000000,2025-12-22 22:19:59.999922,1,BAY01_0024_20251222_221430_000.7z
2025-12-22 22:20:00,9.912654,0.009912654,5.924605,1.257445,2.730604,768000,768000,1.000000000,1,2025-12-22 22:20:00.000000,2025-12-22 22:20:59.999922,1,BAY01_0024_20251222_221430_000.7z
2025-12-22 22:21:00,9.859056,0.009859056,5.957103,1.172912,2.729041,768000,768000,1.000000000,1,2025-12-22 22:21:00.000000,2025-12-22 22:21:59.999922,1,BAY01_0024_20251222_221430_000.7z
2025-12-22 22:22:00,9.855796,0.009855796,5.914165,1.228024,2.713607,768000,768000,1.000000000,1,2025-12-22 22:22:00.000000,2025-12-22 22:22:59.999922,1,BAY01_0024_20251222_221430_000.7z
2025-12-22 22:23:00,9.874521,0.009874521,5.881532,1.237935,2.755055,768000,768000,1.000000000,1,2025-12-22 22:23:00.000000,2025-12-22 22:23:59.999922,1,BAY01_0024_20251222_221430_000.7z
2025-12-22 22:24:00,9.832238,0.009832238,5.905868,1.148462,2.777907,716872,768000,0.933427083,0,2025-12-22 22:24:00.000000,2025-12-22 22:24:59.999922,2,BAY01_0024_20251222_221430_000.7z;BAY01_0025_20251222_222434_000.7z
2025-12-22 22:25:00,9.918952,0.009918952,5.879935,1.196561,2.842456,768000,768000,1.000000000,1,2025-12-22 22:25:00.000000,2025-12-22 22:25:59.999922,1,BAY01_0025_20251222_222434_000.7z
2025-12-22 22:26:00,9.803000,0.009803000,5.891145,1.183026,2.728829,768000,768000,1.000000000,1,2025-12-22 22:26:00.000000,2025-12-22 22:26:59.999922,1,BAY01_0025_20251222_222434_000.7z
2025-12-22 22:27:00,9.850082,0.009850082,5.854123,1.297626,2.698333,768000,768000,1.000000000,1,2025-12-22 22:27:00.000000,2025-12-22 22:27:59.999922,1,BAY01_0025_20251222_222434_000.7z
2025-12-22 22:28:00,9.845591,0.009845591,5.856921,1.223787,2.764884,768000,768000,1.000000000,1,2025-12-22 22:28:00.000000,2025-12-22 22:28:59.999922,1,BAY01_0025_20251222_222434_000.7z
2025-12-22 22:29:00,9.831320,0.009831320,5.860518,1.206785,2.764017,768000,768000,1.000000000,1,2025-12-22 22:29:00.000000,2025-12-22 22:29:59.999922,1,BAY01_0025_20251222_222434_000.7z
2025-12-22 22:30:00,9.961545,0.009961545,5.941390,1.184611,2.835543,768000,768000,1.000000000,1,2025-12-22 22:30:00.000000,2025-12-22 22:30:59.999922,1,BAY01_0025_20251222_222434_000.7z
2025-12-22 22:31:00,9.781124,0.009781124,5.845639,1.177768,2.757717,768000,768000,1.000000000,1,2025-12-22 22:31:00.000000,2025-12-22 22:31:59.999922,1,BAY01_0025_20251222_222434_000.7z
2025-12-22 22:32:00,9.832912,0.009832912,5.884530,1.168104,2.780278,768000,768000,1.000000000,1,2025-12-22 22:32:00.000000,2025-12-22 22:32:59.999922,1,BAY01_0025_20251222_222434_000.7z
2025-12-22 22:33:00,9.832785,0.009832785,5.865623,1.215402,2.751760,768000,768000,1.000000000,1,2025-12-22 22:33:00.000000,2025-12-22 22:33:59.999922,1,BAY01_0025_20251222_222434_000.7z
2025-12-22 22:34:00,9.780432,0.009780432,5.956606,1.150855,2.672971,716899,768000,0.933462240,0,2025-12-22 22:34:00.000000,2025-12-22 22:34:59.999922,2,BAY01_0025_20251222_222434_000.7z;BAY01_0026_20251222_223438_000.7z
2025-12-22 22:35:00,9.854527,0.009854527,5.872165,1.184120,2.798242,768000,768000,1.000000000,1,2025-12-22 22:35:00.000000,2025-12-22 22:35:59.999922,1,BAY01_0026_20251222_223438_000.7z
2025-12-22 22:36:00,9.775824,0.009775824,5.857742,1.155075,2.763007,768000,768000,1.000000000,1,2025-12-22 22:36:00.000000,2025-12-22 22:36:59.999922,1,BAY01_0026_20251222_223438_000.7z
2025-12-22 22:37:00,9.531180,0.009531180,5.546332,1.250887,2.733962,768000,768000,1.000000000,1,2025-12-22 22:37:00.000000,2025-12-22 22:37:59.999922,1,BAY01_0026_20251222_223438_000.7z
2025-12-22 22:38:00,9.806408,0.009806408,5.833928,1.246822,2.725658,768000,768000,1.000000000,1,2025-12-22 22:38:00.000000,2025-12-22 22:38:59.999922,1,BAY01_0026_20251222_223438_000.7z
2025-12-22 22:39:00,9.817308,0.009817308,5.913745,1.141951,2.761612,768000,768000,1.000000000,1,2025-12-22 22:39:00.000000,2025-12-22 22:39:59.999922,1,BAY01_0026_20251222_223438_000.7z
2025-12-22 22:40:00,9.929403,0.009929403,5.895557,1.227609,2.806237,768000,768000,1.000000000,1,2025-12-22 22:40:00.000000,2025-12-22 22:40:59.999922,1,BAY01_0026_20251222_223438_000.7z
2025-12-22 22:41:00,9.820851,0.009820851,5.887631,1.171107,2.762113,768000,768000,1.000000000,1,2025-12-22 22:41:00.000000,2025-12-22 22:41:59.999922,1,BAY01_0026_20251222_223438_000.7z
2025-12-22 22:42:00,9.823874,0.009823874,5.851077,1.202824,2.769973,768000,768000,1.000000000,1,2025-12-22 22:42:00.000000,2025-12-22 22:42:59.999922,1,BAY01_0026_20251222_223438_000.7z
2025-12-22 22:43:00,9.824339,0.009824339,5.965403,1.126219,2.732717,768000,768000,1.000000000,1,2025-12-22 22:43:00.000000,2025-12-22 22:43:59.999922,1,BAY01_0026_20251222_223438_000.7z
2025-12-22 22:44:00,9.814191,0.009814191,5.891222,1.185310,2.737659,729643,768000,0.950055990,0,2025-12-22 22:44:00.000000,2025-12-22 22:44:59.999922,2,BAY01_0026_20251222_223438_000.7z;BAY01_0027_20251222_224441_000.7z
2025-12-22 22:45:00,9.846958,0.009846958,5.881818,1.274073,2.691067,768000,768000,1.000000000,1,2025-12-22 22:45:00.000000,2025-12-22 22:45:59.999922,1,BAY01_0027_20251222_224441_000.7z
2025-12-22 22:46:00,9.785790,0.009785790,5.940110,1.186390,2.659290,768000,768000,1.000000000,1,2025-12-22 22:46:00.000000,2025-12-22 22:46:59.999922,1,BAY01_0027_20251222_224441_000.7z
2025-12-22 22:47:00,9.829221,0.009829221,5.851778,1.193588,2.783855,768000,768000,1.000000000,1,2025-12-22 22:47:00.000000,2025-12-22 22:47:59.999922,1,BAY01_0027_20251222_224441_000.7z
2025-12-22 22:48:00,9.841032,0.009841032,5.861320,1.163405,2.816306,768000,768000,1.000000000,1,2025-12-22 22:48:00.000000,2025-12-22 22:48:59.999922,1,BAY01_0027_20251222_224441_000.7z
2025-12-22 22:49:00,9.835936,0.009835936,5.887523,1.157189,2.791225,768000,768000,1.000000000,1,2025-12-22 22:49:00.000000,2025-12-22 22:49:59.999922,1,BAY01_0027_20251222_224441_000.7z
2025-12-22 22:50:00,9.919982,0.009919982,5.957257,1.206760,2.755965,768000,768000,1.000000000,1,2025-12-22 22:50:00.000000,2025-12-22 22:50:59.999922,1,BAY01_0027_20251222_224441_000.7z
2025-12-22 22:51:00,9.846336,0.009846336,5.838578,1.238441,2.769317,768000,768000,1.000000000,1,2025-12-22 22:51:00.000000,2025-12-22 22:51:59.999922,1,BAY01_0027_20251222_224441_000.7z
2025-12-22 22:52:00,9.841296,0.009841296,5.853390,1.167461,2.820445,768000,768000,1.000000000,1,2025-12-22 22:52:00.000000,2025-12-22 22:52:59.999922,1,BAY01_0027_20251222_224441_000.7z
2025-12-22 22:53:00,9.845394,0.009845394,5.908485,1.252039,2.684870,768000,768000,1.000000000,1,2025-12-22 22:53:00.000000,2025-12-22 22:53:59.999922,1,BAY01_0027_20251222_224441_000.7z
2025-12-22 22:54:00,9.821599,0.009821599,5.761395,1.241753,2.818451,716882,768000,0.933440104,0,2025-12-22 22:54:00.000000,2025-12-22 22:54:59.999922,2,BAY01_0027_20251222_224441_000.7z;BAY01_0028_20251222_225445_000.7z
2025-12-22 22:55:00,9.833612,0.009833612,5.838508,1.232130,2.762973,768000,768000,1.000000000,1,2025-12-22 22:55:00.000000,2025-12-22 22:55:59.999922,1,BAY01_0028_20251222_225445_000.7z
2025-12-22 22:56:00,9.793416,0.009793416,5.874276,1.219151,2.699988,768000,768000,1.000000000,1,2025-12-22 22:56:00.000000,2025-12-22 22:56:59.999922,1,BAY01_0028_20251222_225445_000.7z
2025-12-22 22:57:00,9.842718,0.009842718,5.910203,1.222911,2.709603,768000,768000,1.000000000,1,2025-12-22 22:57:00.000000,2025-12-22 22:57:59.999922,1,BAY01_0028_20251222_225445_000.7z
2025-12-22 22:58:00,9.848574,0.009848574,5.853634,1.255472,2.739468,768000,768000,1.000000000,1,2025-12-22 22:58:00.000000,2025-12-22 22:58:59.999922,1,BAY01_0028_20251222_225445_000.7z
2025-12-22 22:59:00,9.849283,0.009849283,5.905730,1.234756,2.708797,768000,768000,1.000000000,1,2025-12-22 22:59:00.000000,2025-12-22 22:59:59.999922,1,BAY01_0028_20251222_225445_000.7z
2025-12-22 23:00:00,9.918717,0.009918717,5.838739,1.262057,2.817922,768000,768000,1.000000000,1,2025-12-22 23:00:00.000000,2025-12-22 23:00:59.999922,1,BAY01_0028_20251222_225445_000.7z
2025-12-22 23:01:00,9.853475,0.009853475,5.862440,1.202206,2.788828,768000,768000,1.000000000,1,2025-12-22 23:01:00.000000,2025-12-22 23:01:59.999922,1,BAY01_0028_20251222_225445_000.7z
2025-12-22 23:02:00,9.843523,0.009843523,5.922712,1.237418,2.683393,768000,768000,1.000000000,1,2025-12-22 23:02:00.000000,2025-12-22 23:02:59.999922,1,BAY01_0028_20251222_225445_000.7z
2025-12-22 23:03:00,9.849408,0.009849408,5.926582,1.187564,2.735262,768000,768000,1.000000000,1,2025-12-22 23:03:00.000000,2025-12-22 23:03:59.999922,1,BAY01_0028_20251222_225445_000.7z
2025-12-22 23:04:00,9.803953,0.009803953,5.858666,1.158313,2.786974,742483,768000,0.966774740,0,2025-12-22 23:04:00.000000,2025-12-22 23:04:59.999922,2,BAY01_0028_20251222_225445_000.7z;BAY01_0029_20251222_230447_000.7z
2025-12-22 23:05:00,9.851413,0.009851413,5.847117,1.223014,2.781283,768000,768000,1.000000000,1,2025-12-22 23:05:00.000000,2025-12-22 23:05:59.999922,1,BAY01_0029_20251222_230447_000.7z
2025-12-22 23:06:00,9.774142,0.009774142,5.875526,1.148466,2.750149,768000,768000,1.000000000,1,2025-12-22 23:06:00.000000,2025-12-22 23:06:59.999922,1,BAY01_0029_20251222_230447_000.7z
2025-12-22 23:07:00,9.821889,0.009821889,5.843215,1.217536,2.761138,768000,768000,1.000000000,1,2025-12-22 23:07:00.000000,2025-12-22 23:07:59.999922,1,BAY01_0029_20251222_230447_000.7z
2025-12-22 23:08:00,9.824632,0.009824632,5.842980,1.235404,2.746248,768000,768000,1.000000000,1,2025-12-22 23:08:00.000000,2025-12-22 23:08:59.999922,1,BAY01_0029_20251222_230447_000.7z
2025-12-22 23:09:00,9.832277,0.009832277,5.875289,1.182097,2.774891,768000,768000,1.000000000,1,2025-12-22 23:09:00.000000,2025-12-22 23:09:59.999922,1,BAY01_0029_20251222_230447_000.7z
2025-12-22 23:10:00,9.915931,0.009915931,5.884373,1.294427,2.737131,768000,768000,1.000000000,1,2025-12-22 23:10:00.000000,2025-12-22 23:10:59.999922,1,BAY01_0029_20251222_230447_000.7z
2025-12-22 23:11:00,9.847702,0.009847702,5.905266,1.198689,2.743747,768000,768000,1.000000000,1,2025-12-22 23:11:00.000000,2025-12-22 23:11:59.999922,1,BAY01_0029_20251222_230447_000.7z
2025-12-22 23:12:00,9.821494,0.009821494,5.881686,1.225211,2.714598,768000,768000,1.000000000,1,2025-12-22 23:12:00.000000,2025-12-22 23:12:59.999922,1,BAY01_0029_20251222_230447_000.7z
2025-12-22 23:13:00,9.836013,0.009836013,5.881730,1.265893,2.688390,768000,768000,1.000000000,1,2025-12-22 23:13:00.000000,2025-12-22 23:13:59.999922,1,BAY01_0029_20251222_230447_000.7z
2025-12-22 23:14:00,9.781271,0.009781271,5.822252,1.234596,2.724423,716858,768000,0.933408854,0,2025-12-22 23:14:00.000000,2025-12-22 23:14:59.999922,2,BAY01_0029_20251222_230447_000.7z;BAY01_0030_20251222_231451_000.7z
2025-12-22 23:15:00,9.908598,0.009908598,5.844535,1.224397,2.839666,768000,768000,1.000000000,1,2025-12-22 23:15:00.000000,2025-12-22 23:15:59.999922,1,BAY01_0030_20251222_231451_000.7z
2025-12-22 23:16:00,9.765109,0.009765109,5.918776,1.145947,2.700386,768000,768000,1.000000000,1,2025-12-22 23:16:00.000000,2025-12-22 23:16:59.999922,1,BAY01_0030_20251222_231451_000.7z
2025-12-22 23:17:00,9.795440,0.009795440,5.927869,1.131783,2.735789,768000,768000,1.000000000,1,2025-12-22 23:17:00.000000,2025-12-22 23:17:59.999922,1,BAY01_0030_20251222_231451_000.7z
2025-12-22 23:18:00,9.824632,0.009824632,5.875313,1.163750,2.785570,768000,768000,1.000000000,1,2025-12-22 23:18:00.000000,2025-12-22 23:18:59.999922,1,BAY01_0030_20251222_231451_000.7z
2025-12-22 23:19:00,9.815522,0.009815522,5.845480,1.202710,2.767332,768000,768000,1.000000000,1,2025-12-22 23:19:00.000000,2025-12-22 23:19:59.999922,1,BAY01_0030_20251222_231451_000.7z
2025-12-22 23:20:00,9.982161,0.009982161,5.856583,1.269623,2.855956,768000,768000,1.000000000,1,2025-12-22 23:20:00.000000,2025-12-22 23:20:59.999922,1,BAY01_0030_20251222_231451_000.7z
2025-12-22 23:21:00,9.826926,0.009826926,5.828628,1.226753,2.771545,768000,768000,1.000000000,1,2025-12-22 23:21:00.000000,2025-12-22 23:21:59.999922,1,BAY01_0030_20251222_231451_000.7z
2025-12-22 23:22:00,9.822695,0.009822695,5.847499,1.180787,2.794410,768000,768000,1.000000000,1,2025-12-22 23:22:00.000000,2025-12-22 23:22:59.999922,1,BAY01_0030_20251222_231451_000.7z
2025-12-22 23:23:00,9.846389,0.009846389,5.914575,1.256462,2.675352,768000,768000,1.000000000,1,2025-12-22 23:23:00.000000,2025-12-22 23:23:59.999922,1,BAY01_0030_20251222_231451_000.7z
2025-12-22 23:24:00,9.819947,0.009819947,5.876256,1.240409,2.703281,704039,768000,0.916717448,0,2025-12-22 23:24:00.000000,2025-12-22 23:24:59.999922,2,BAY01_0030_20251222_231451_000.7z;BAY01_0031_20251222_232456_000.7z
2025-12-22 23:25:00,9.901428,0.009901428,5.953116,1.200952,2.747360,768000,768000,1.000000000,1,2025-12-22 23:25:00.000000,2025-12-22 23:25:59.999922,1,BAY01_0031_20251222_232456_000.7z
2025-12-22 23:26:00,9.777512,0.009777512,5.839412,1.220693,2.717408,768000,768000,1.000000000,1,2025-12-22 23:26:00.000000,2025-12-22 23:26:59.999922,1,BAY01_0031_20251222_232456_000.7z
2025-12-22 23:27:00,9.829105,0.009829105,5.930087,1.154850,2.744169,768000,768000,1.000000000,1,2025-12-22 23:27:00.000000,2025-12-22 23:27:59.999922,1,BAY01_0031_20251222_232456_000.7z
2025-12-22 23:28:00,9.840323,0.009840323,5.851064,1.226062,2.763197,768000,768000,1.000000000,1,2025-12-22 23:28:00.000000,2025-12-22 23:28:59.999922,1,BAY01_0031_20251222_232456_000.7z
2025-12-22 23:29:00,9.834708,0.009834708,5.867243,1.176761,2.790704,768000,768000,1.000000000,1,2025-12-22 23:29:00.000000,2025-12-22 23:29:59.999922,1,BAY01_0031_20251222_232456_000.7z
2025-12-22 23:30:00,9.927138,0.009927138,5.946509,1.181968,2.798661,768000,768000,1.000000000,1,2025-12-22 23:30:00.000000,2025-12-22 23:30:59.999922,1,BAY01_0031_20251222_232456_000.7z
2025-12-22 23:31:00,9.835350,0.009835350,5.894395,1.174952,2.766003,768000,768000,1.000000000,1,2025-12-22 23:31:00.000000,2025-12-22 23:31:59.999922,1,BAY01_0031_20251222_232456_000.7z
2025-12-22 23:32:00,9.827955,0.009827955,5.894727,1.169175,2.764053,768000,768000,1.000000000,1,2025-12-22 23:32:00.000000,2025-12-22 23:32:59.999922,1,BAY01_0031_20251222_232456_000.7z
2025-12-22 23:33:00,9.844388,0.009844388,5.849642,1.228628,2.766117,768000,768000,1.000000000,1,2025-12-22 23:33:00.000000,2025-12-22 23:33:59.999922,1,BAY01_0031_20251222_232456_000.7z
2025-12-22 23:34:00,9.844736,0.009844736,5.868491,1.196657,2.779587,716880,768000,0.933437500,0,2025-12-22 23:34:00.000000,2025-12-22 23:34:56.006172,1,BAY01_0031_20251222_232456_000.7z
2025-12-22 23:35:00,9.799369,0.009799369,5.909534,1.128161,2.761673,768000,768000,1.000000000,1,2025-12-22 23:35:00.000000,2025-12-22 23:35:59.999922,1,BAY01_0032_20251222_233500_000.7z
2025-12-22 23:36:00,9.780370,0.009780370,5.901123,1.153890,2.725357,768000,768000,1.000000000,1,2025-12-22 23:36:00.000000,2025-12-22 23:36:59.999922,1,BAY01_0032_20251222_233500_000.7z
2025-12-22 23:37:00,9.812027,0.009812027,5.836023,1.211308,2.764695,768000,768000,1.000000000,1,2025-12-22 23:37:00.000000,2025-12-22 23:37:59.999922,1,BAY01_0032_20251222_233500_000.7z
2025-12-22 23:38:00,9.838184,0.009838184,5.878837,1.170995,2.788353,768000,768000,1.000000000,1,2025-12-22 23:38:00.000000,2025-12-22 23:38:59.999922,1,BAY01_0032_20251222_233500_000.7z
2025-12-22 23:39:00,9.815518,0.009815518,5.876436,1.167941,2.771141,768000,768000,1.000000000,1,2025-12-22 23:39:00.000000,2025-12-22 23:39:59.999922,1,BAY01_0032_20251222_233500_000.7z
2025-12-22 23:40:00,9.857610,0.009857610,5.949734,1.175273,2.732603,768000,768000,1.000000000,1,2025-12-22 23:40:00.000000,2025-12-22 23:40:59.999922,1,BAY01_0032_20251222_233500_000.7z
2025-12-22 23:41:00,9.887703,0.009887703,5.915358,1.230891,2.741453,768000,768000,1.000000000,1,2025-12-22 23:41:00.000000,2025-12-22 23:41:59.999922,1,BAY01_0032_20251222_233500_000.7z
2025-12-22 23:42:00,9.831057,0.009831057,5.949827,1.201670,2.679560,768000,768000,1.000000000,1,2025-12-22 23:42:00.000000,2025-12-22 23:42:59.999922,1,BAY01_0032_20251222_233500_000.7z
2025-12-22 23:43:00,9.847760,0.009847760,5.828043,1.207709,2.812007,768000,768000,1.000000000,1,2025-12-22 23:43:00.000000,2025-12-22 23:43:59.999922,1,BAY01_0032_20251222_233500_000.7z
2025-12-22 23:44:00,9.817944,0.009817944,5.930218,1.191017,2.696709,768000,768000,1.000000000,1,2025-12-22 23:44:00.000000,2025-12-22 23:44:59.999922,1,BAY01_0032_20251222_233500_000.7z
2025-12-22 23:45:00,9.762121,0.009762121,5.870243,1.230571,2.661307,716940,768000,0.933515625,0,2025-12-22 23:45:00.000000,2025-12-22 23:45:59.999922,2,BAY01_0032_20251222_233500_000.7z;BAY01_0033_20251222_234504_000.7z
2025-12-22 23:46:00,9.821110,0.009821110,5.835979,1.165691,2.819440,768000,768000,1.000000000,1,2025-12-22 23:46:00.000000,2025-12-22 23:46:59.999922,1,BAY01_0033_20251222_234504_000.7z
2025-12-22 23:47:00,9.800518,0.009800518,5.836440,1.200309,2.763769,768000,768000,1.000000000,1,2025-12-22 23:47:00.000000,2025-12-22 23:47:59.999922,1,BAY01_0033_20251222_234504_000.7z
2025-12-22 23:48:00,9.824875,0.009824875,5.935612,1.191167,2.698095,768000,768000,1.000000000,1,2025-12-22 23:48:00.000000,2025-12-22 23:48:59.999922,1,BAY01_0033_20251222_234504_000.7z
2025-12-22 23:49:00,9.814131,0.009814131,5.964359,1.155360,2.694413,768000,768000,1.000000000,1,2025-12-22 23:49:00.000000,2025-12-22 23:49:59.999922,1,BAY01_0033_20251222_234504_000.7z
2025-12-22 23:50:00,9.822067,0.009822067,5.846003,1.177654,2.798410,768000,768000,1.000000000,1,2025-12-22 23:50:00.000000,2025-12-22 23:50:59.999922,1,BAY01_0033_20251222_234504_000.7z
2025-12-22 23:51:00,9.883443,0.009883443,5.915370,1.167156,2.800917,768000,768000,1.000000000,1,2025-12-22 23:51:00.000000,2025-12-22 23:51:59.999922,1,BAY01_0033_20251222_234504_000.7z
2025-12-22 23:52:00,9.832089,0.009832089,5.863746,1.227127,2.741216,768000,768000,1.000000000,1,2025-12-22 23:52:00.000000,2025-12-22 23:52:59.999922,1,BAY01_0033_20251222_234504_000.7z
2025-12-22 23:53:00,9.852391,0.009852391,5.938014,1.205634,2.708743,768000,768000,1.000000000,1,2025-12-22 23:53:00.000000,2025-12-22 23:53:59.999922,1,BAY01_0033_20251222_234504_000.7z
2025-12-22 23:54:00,9.808079,0.009808079,5.857336,1.197162,2.753581,768000,768000,1.000000000,1,2025-12-22 23:54:00.000000,2025-12-22 23:54:59.999922,1,BAY01_0033_20251222_234504_000.7z
2025-12-22 23:55:00,9.742068,0.009742068,5.924382,1.162984,2.654702,716895,768000,0.933457031,0,2025-12-22 23:55:00.000000,2025-12-22 23:55:59.999922,2,BAY01_0033_20251222_234504_000.7z;BAY01_0034_20251222_235508_000.7z
2025-12-22 23:56:00,9.819250,0.009819250,5.876938,1.210707,2.731605,768000,768000,1.000000000,1,2025-12-22 23:56:00.000000,2025-12-22 23:56:59.999922,1,BAY01_0034_20251222_235508_000.7z
2025-12-22 23:57:00,9.844971,0.009844971,5.871975,1.149274,2.823723,768000,768000,1.000000000,1,2025-12-22 23:57:00.000000,2025-12-22 23:57:59.999922,1,BAY01_0034_20251222_235508_000.7z
2025-12-22 23:58:00,9.845644,0.009845644,5.924620,1.226831,2.694193,768000,768000,1.000000000,1,2025-12-22 23:58:00.000000,2025-12-22 23:58:59.999922,1,BAY01_0034_20251222_235508_000.7z
2025-12-22 23:59:00,9.823297,0.009823297,5.884573,1.140758,2.797966,768000,768000,1.000000000,1,2025-12-22 23:59:00.000000,2025-12-22 23:59:59.999922,1,BAY01_0034_20251222_235508_000.7z
2025-12-23 00:00:00,9.821203,0.009821203,5.871780,1.188712,2.760711,768000,768000,1.000000000,1,2025-12-23 00:00:00.000000,2025-12-23 00:00:59.999922,1,BAY01_0034_20251222_235508_000.7z
2025-12-23 00:01:00,9.904115,0.009904115,5.882432,1.271996,2.749688,768000,768000,1.000000000,1,2025-12-23 00:01:00.000000,2025-12-23 00:01:59.999922,1,BAY01_0034_20251222_235508_000.7z
2025-12-23 00:02:00,9.849703,0.009849703,5.864849,1.174832,2.810022,768000,768000,1.000000000,1,2025-12-23 00:02:00.000000,2025-12-23 00:02:59.999922,1,BAY01_0034_20251222_235508_000.7z
2025-12-23 00:03:00,9.816338,0.009816338,5.931042,1.143165,2.742131,768000,768000,1.000000000,1,2025-12-23 00:03:00.000000,2025-12-23 00:03:59.999922,1,BAY01_0034_20251222_235508_000.7z
2025-12-23 00:04:00,9.823196,0.009823196,5.978598,1.184108,2.660490,768000,768000,1.000000000,1,2025-12-23 00:04:00.000000,2025-12-23 00:04:59.999922,1,BAY01_0034_20251222_235508_000.7z
2025-12-23 00:05:00,9.775140,0.009775140,5.924418,1.187085,2.663636,691282,768000,0.900106771,0,2025-12-23 00:05:00.000000,2025-12-23 00:05:59.999922,2,BAY01_0034_20251222_235508_000.7z;BAY01_0035_20251223_000514_000.7z
2025-12-23 00:06:00,9.891120,0.009891120,5.855911,1.243407,2.791802,768000,768000,1.000000000,1,2025-12-23 00:06:00.000000,2025-12-23 00:06:59.999922,1,BAY01_0035_20251223_000514_000.7z
2025-12-23 00:07:00,9.804367,0.009804367,5.937183,1.185644,2.681540,768000,768000,1.000000000,1,2025-12-23 00:07:00.000000,2025-12-23 00:07:59.999922,1,BAY01_0035_20251223_000514_000.7z
2025-12-23 00:08:00,9.855842,0.009855842,5.877969,1.275120,2.702753,768000,768000,1.000000000,1,2025-12-23 00:08:00.000000,2025-12-23 00:08:59.999922,1,BAY01_0035_20251223_000514_000.7z
2025-12-23 00:09:00,9.832248,0.009832248,5.929827,1.143598,2.758823,768000,768000,1.000000000,1,2025-12-23 00:09:00.000000,2025-12-23 00:09:59.999922,1,BAY01_0035_20251223_000514_000.7z
2025-12-23 00:10:00,9.831768,0.009831768,5.911038,1.150050,2.770680,768000,768000,1.000000000,1,2025-12-23 00:10:00.000000,2025-12-23 00:10:59.999922,1,BAY01_0035_20251223_000514_000.7z
2025-12-23 00:11:00,9.983040,0.009983040,5.960104,1.227487,2.795449,768000,768000,1.000000000,1,2025-12-23 00:11:00.000000,2025-12-23 00:11:59.999922,1,BAY01_0035_20251223_000514_000.7z
2025-12-23 00:12:00,9.834274,0.009834274,5.943476,1.149158,2.741640,768000,768000,1.000000000,1,2025-12-23 00:12:00.000000,2025-12-23 00:12:59.999922,1,BAY01_0035_20251223_000514_000.7z
2025-12-23 00:13:00,9.834664,0.009834664,5.858500,1.205983,2.770182,768000,768000,1.000000000,1,2025-12-23 00:13:00.000000,2025-12-23 00:13:59.999922,1,BAY01_0035_20251223_000514_000.7z
2025-12-23 00:14:00,9.854530,0.009854530,5.873432,1.182472,2.798625,768000,768000,1.000000000,1,2025-12-23 00:14:00.000000,2025-12-23 00:14:59.999922,1,BAY01_0035_20251223_000514_000.7z
2025-12-23 00:15:00,9.792688,0.009792688,5.839617,1.189950,2.763120,691317,768000,0.900152344,0,2025-12-23 00:15:00.000000,2025-12-23 00:15:59.999922,2,BAY01_0035_20251223_000514_000.7z;BAY01_0036_20251223_001520_000.7z
2025-12-23 00:16:00,9.872320,0.009872320,5.871716,1.156085,2.844519,768000,768000,1.000000000,1,2025-12-23 00:16:00.000000,2025-12-23 00:16:59.999922,1,BAY01_0036_20251223_001520_000.7z
2025-12-23 00:17:00,9.808213,0.009808213,5.866675,1.158164,2.783374,768000,768000,1.000000000,1,2025-12-23 00:17:00.000000,2025-12-23 00:17:59.999922,1,BAY01_0036_20251223_001520_000.7z
2025-12-23 00:18:00,9.855832,0.009855832,5.856044,1.229845,2.769943,768000,768000,1.000000000,1,2025-12-23 00:18:00.000000,2025-12-23 00:18:59.999922,1,BAY01_0036_20251223_001520_000.7z
2025-12-23 00:19:00,9.850241,0.009850241,5.920389,1.205280,2.724573,768000,768000,1.000000000,1,2025-12-23 00:19:00.000000,2025-12-23 00:19:59.999922,1,BAY01_0036_20251223_001520_000.7z
2025-12-23 00:20:00,9.828506,0.009828506,5.848745,1.218199,2.761562,768000,768000,1.000000000,1,2025-12-23 00:20:00.000000,2025-12-23 00:20:59.999922,1,BAY01_0036_20251223_001520_000.7z
2025-12-23 00:21:00,9.951888,0.009951888,5.865367,1.251326,2.835195,768000,768000,1.000000000,1,2025-12-23 00:21:00.000000,2025-12-23 00:21:59.999922,1,BAY01_0036_20251223_001520_000.7z
2025-12-23 00:22:00,9.828205,0.009828205,5.912325,1.202170,2.713710,768000,768000,1.000000000,1,2025-12-23 00:22:00.000000,2025-12-23 00:22:59.999922,1,BAY01_0036_20251223_001520_000.7z
2025-12-23 00:23:00,9.824630,0.009824630,5.900354,1.137280,2.786995,768000,768000,1.000000000,1,2025-12-23 00:23:00.000000,2025-12-23 00:23:59.999922,1,BAY01_0036_20251223_001520_000.7z
2025-12-23 00:24:00,9.833725,0.009833725,5.844338,1.246729,2.742658,768000,768000,1.000000000,1,2025-12-23 00:24:00.000000,2025-12-23 00:24:59.999922,1,BAY01_0036_20251223_001520_000.7z
2025-12-23 00:25:00,9.781740,0.009781740,5.879194,1.103688,2.798857,704142,768000,0.916851562,0,2025-12-23 00:25:00.000000,2025-12-23 00:25:59.999922,2,BAY01_0036_20251223_001520_000.7z;BAY01_0037_20251223_002525_000.7z
2025-12-23 00:26:00,9.855779,0.009855779,5.926200,1.170405,2.759174,768000,768000,1.000000000,1,2025-12-23 00:26:00.000000,2025-12-23 00:26:59.999922,1,BAY01_0037_20251223_002525_000.7z
2025-12-23 00:27:00,9.803635,0.009803635,5.857284,1.193553,2.752799,768000,768000,1.000000000,1,2025-12-23 00:27:00.000000,2025-12-23 00:27:59.999922,1,BAY01_0037_20251223_002525_000.7z
2025-12-23 00:28:00,9.846425,0.009846425,5.882429,1.246056,2.717940,768000,768000,1.000000000,1,2025-12-23 00:28:00.000000,2025-12-23 00:28:59.999922,1,BAY01_0037_20251223_002525_000.7z
2025-12-23 00:29:00,9.836327,0.009836327,5.942626,1.145283,2.748417,768000,768000,1.000000000,1,2025-12-23 00:29:00.000000,2025-12-23 00:29:59.999922,1,BAY01_0037_20251223_002525_000.7z
2025-12-23 00:30:00,9.838540,0.009838540,5.885344,1.207807,2.745390,768000,768000,1.000000000,1,2025-12-23 00:30:00.000000,2025-12-23 00:30:59.999922,1,BAY01_0037_20251223_002525_000.7z
2025-12-23 00:31:00,9.921359,0.009921359,5.884149,1.274645,2.762565,768000,768000,1.000000000,1,2025-12-23 00:31:00.000000,2025-12-23 00:31:59.999922,1,BAY01_0037_20251223_002525_000.7z
2025-12-23 00:32:00,9.826042,0.009826042,5.916151,1.206254,2.703637,768000,768000,1.000000000,1,2025-12-23 00:32:00.000000,2025-12-23 00:32:59.999922,1,BAY01_0037_20251223_002525_000.7z
2025-12-23 00:33:00,9.837548,0.009837548,5.864528,1.210252,2.762768,768000,768000,1.000000000,1,2025-12-23 00:33:00.000000,2025-12-23 00:33:59.999922,1,BAY01_0037_20251223_002525_000.7z
2025-12-23 00:34:00,9.827818,0.009827818,5.821411,1.225980,2.780427,768000,768000,1.000000000,1,2025-12-23 00:34:00.000000,2025-12-23 00:34:59.999922,1,BAY01_0037_20251223_002525_000.7z
2025-12-23 00:35:00,9.806633,0.009806633,5.873337,1.201617,2.731680,716852,768000,0.933401042,0,2025-12-23 00:35:00.000000,2025-12-23 00:35:59.999922,2,BAY01_0037_20251223_002525_000.7z;BAY01_0038_20251223_003529_000.7z
2025-12-23 00:36:00,9.832429,0.009832429,5.921566,1.152479,2.758384,768000,768000,1.000000000,1,2025-12-23 00:36:00.000000,2025-12-23 00:36:59.999922,1,BAY01_0038_20251223_003529_000.7z
2025-12-23 00:37:00,9.793376,0.009793376,5.916413,1.169275,2.707688,768000,768000,1.000000000,1,2025-12-23 00:37:00.000000,2025-12-23 00:37:59.999922,1,BAY01_0038_20251223_003529_000.7z
2025-12-23 00:38:00,9.840091,0.009840091,5.871781,1.219290,2.749020,768000,768000,1.000000000,1,2025-12-23 00:38:00.000000,2025-12-23 00:38:59.999922,1,BAY01_0038_20251223_003529_000.7z
2025-12-23 00:39:00,9.819099,0.009819099,5.921777,1.159266,2.738057,768000,768000,1.000000000,1,2025-12-23 00:39:00.000000,2025-12-23 00:39:59.999922,1,BAY01_0038_20251223_003529_000.7z
2025-12-23 00:40:00,9.845421,0.009845421,5.918028,1.148283,2.779110,768000,768000,1.000000000,1,2025-12-23 00:40:00.000000,2025-12-23 00:40:59.999922,1,BAY01_0038_20251223_003529_000.7z
2025-12-23 00:41:00,9.883177,0.009883177,5.915792,1.216129,2.751257,768000,768000,1.000000000,1,2025-12-23 00:41:00.000000,2025-12-23 00:41:59.999922,1,BAY01_0038_20251223_003529_000.7z
2025-12-23 00:42:00,9.824289,0.009824289,5.891917,1.151143,2.781229,768000,768000,1.000000000,1,2025-12-23 00:42:00.000000,2025-12-23 00:42:59.999922,1,BAY01_0038_20251223_003529_000.7z
2025-12-23 00:43:00,9.846502,0.009846502,5.935383,1.172774,2.738346,768000,768000,1.000000000,1,2025-12-23 00:43:00.000000,2025-12-23 00:43:59.999922,1,BAY01_0038_20251223_003529_000.7z
2025-12-23 00:44:00,9.802910,0.009802910,5.909285,1.126070,2.767554,768000,768000,1.000000000,1,2025-12-23 00:44:00.000000,2025-12-23 00:44:59.999922,1,BAY01_0038_20251223_003529_000.7z
2025-12-23 00:45:00,9.760677,0.009760677,5.919892,1.141946,2.698839,704097,768000,0.916792969,0,2025-12-23 00:45:00.000000,2025-12-23 00:45:59.999922,2,BAY01_0038_20251223_003529_000.7z;BAY01_0039_20251223_004534_000.7z
2025-12-23 00:46:00,9.807678,0.009807678,5.836031,1.156219,2.815428,768000,768000,1.000000000,1,2025-12-23 00:46:00.000000,2025-12-23 00:46:59.999922,1,BAY01_0039_20251223_004534_000.7z
2025-12-23 00:47:00,9.772675,0.009772675,5.862953,1.197477,2.712245,768000,768000,1.000000000,1,2025-12-23 00:47:00.000000,2025-12-23 00:47:59.999922,1,BAY01_0039_20251223_004534_000.7z
2025-12-23 00:48:00,9.813013,0.009813013,5.918501,1.193106,2.701406,768000,768000,1.000000000,1,2025-12-23 00:48:00.000000,2025-12-23 00:48:59.999922,1,BAY01_0039_20251223_004534_000.7z
2025-12-23 00:49:00,9.840968,0.009840968,5.856699,1.181883,2.802386,768000,768000,1.000000000,1,2025-12-23 00:49:00.000000,2025-12-23 00:49:59.999922,1,BAY01_0039_20251223_004534_000.7z
2025-12-23 00:50:00,9.833356,0.009833356,5.911358,1.124656,2.797342,768000,768000,1.000000000,1,2025-12-23 00:50:00.000000,2025-12-23 00:50:59.999922,1,BAY01_0039_20251223_004534_000.7z
2025-12-23 00:51:00,9.897068,0.009897068,5.886549,1.188616,2.821903,768000,768000,1.000000000,1,2025-12-23 00:51:00.000000,2025-12-23 00:51:59.999922,1,BAY01_0039_20251223_004534_000.7z
2025-12-23 00:52:00,9.818609,0.009818609,5.921641,1.188731,2.708237,768000,768000,1.000000000,1,2025-12-23 00:52:00.000000,2025-12-23 00:52:59.999922,1,BAY01_0039_20251223_004534_000.7z
2025-12-23 00:53:00,9.821509,0.009821509,5.862014,1.220522,2.738973,768000,768000,1.000000000,1,2025-12-23 00:53:00.000000,2025-12-23 00:53:59.999922,1,BAY01_0039_20251223_004534_000.7z
2025-12-23 00:54:00,9.806142,0.009806142,5.961624,1.067180,2.777339,768000,768000,1.000000000,1,2025-12-23 00:54:00.000000,2025-12-23 00:54:59.999922,1,BAY01_0039_20251223_004534_000.7z
2025-12-23 00:55:00,9.811632,0.009811632,5.964574,1.120478,2.726581,435323,768000,0.566826823,0,2025-12-23 00:55:00.000000,2025-12-23 00:55:34.009531,1,BAY01_0039_20251223_004534_000.7z
2025-12-23 01:05:00,9.767557,0.009767557,5.850755,1.118700,2.798102,204800,768000,0.266666667,0,2025-12-23 01:05:44.000000,2025-12-23 01:05:59.999922,1,BAY01_0041_20251223_010544_000.7z
2025-12-23 01:06:00,9.817675,0.009817675,5.866411,1.165013,2.786252,768000,768000,1.000000000,1,2025-12-23 01:06:00.000000,2025-12-23 01:06:59.999922,1,BAY01_0041_20251223_010544_000.7z
2025-12-23 01:07:00,9.786504,0.009786504,5.898592,1.139094,2.748817,768000,768000,1.000000000,1,2025-12-23 01:07:00.000000,2025-12-23 01:07:59.999922,1,BAY01_0041_20251223_010544_000.7z
2025-12-23 01:08:00,9.810333,0.009810333,5.902482,1.113687,2.794163,768000,768000,1.000000000,1,2025-12-23 01:08:00.000000,2025-12-23 01:08:59.999922,1,BAY01_0041_20251223_010544_000.7z
2025-12-23 01:09:00,9.818819,0.009818819,5.869544,1.190261,2.759014,768000,768000,1.000000000,1,2025-12-23 01:09:00.000000,2025-12-23 01:09:59.999922,1,BAY01_0041_20251223_010544_000.7z
2025-12-23 01:10:00,9.828733,0.009828733,5.921341,1.122589,2.784803,768000,768000,1.000000000,1,2025-12-23 01:10:00.000000,2025-12-23 01:10:59.999922,1,BAY01_0041_20251223_010544_000.7z
2025-12-23 01:11:00,9.920228,0.009920228,5.937515,1.213458,2.769254,768000,768000,1.000000000,1,2025-12-23 01:11:00.000000,2025-12-23 01:11:59.999922,1,BAY01_0041_20251223_010544_000.7z
2025-12-23 01:12:00,9.843210,0.009843210,5.917307,1.209188,2.716715,768000,768000,1.000000000,1,2025-12-23 01:12:00.000000,2025-12-23 01:12:59.999922,1,BAY01_0041_20251223_010544_000.7z
2025-12-23 01:13:00,9.884662,0.009884662,5.893489,1.183218,2.807955,768000,768000,1.000000000,1,2025-12-23 01:13:00.000000,2025-12-23 01:13:59.999922,1,BAY01_0041_20251223_010544_000.7z
2025-12-23 01:14:00,9.814052,0.009814052,5.860072,1.223848,2.730132,768000,768000,1.000000000,1,2025-12-23 01:14:00.000000,2025-12-23 01:14:59.999922,1,BAY01_0041_20251223_010544_000.7z
2025-12-23 01:15:00,9.817710,0.009817710,5.936218,1.186166,2.695326,716888,768000,0.933447917,0,2025-12-23 01:15:00.000000,2025-12-23 01:15:59.999922,2,BAY01_0041_20251223_010544_000.7z;BAY01_0042_20251223_011548_000.7z
2025-12-23 01:16:00,9.768992,0.009768992,5.921274,1.103091,2.744627,768000,768000,1.000000000,1,2025-12-23 01:16:00.000000,2025-12-23 01:16:59.999922,1,BAY01_0042_20251223_011548_000.7z
2025-12-23 01:17:00,9.842683,0.009842683,5.882441,1.244313,2.715929,768000,768000,1.000000000,1,2025-12-23 01:17:00.000000,2025-12-23 01:17:59.999922,1,BAY01_0042_20251223_011548_000.7z
2025-12-23 01:18:00,9.809971,0.009809971,5.885999,1.136119,2.787853,768000,768000,1.000000000,1,2025-12-23 01:18:00.000000,2025-12-23 01:18:59.999922,1,BAY01_0042_20251223_011548_000.7z
2025-12-23 01:19:00,9.815535,0.009815535,5.927810,1.168190,2.719534,768000,768000,1.000000000,1,2025-12-23 01:19:00.000000,2025-12-23 01:19:59.999922,1,BAY01_0042_20251223_011548_000.7z
2025-12-23 01:20:00,9.827759,0.009827759,5.885469,1.154776,2.787514,768000,768000,1.000000000,1,2025-12-23 01:20:00.000000,2025-12-23 01:20:59.999922,1,BAY01_0042_20251223_011548_000.7z
2025-12-23 01:21:00,9.876158,0.009876158,5.923140,1.234749,2.718269,768000,768000,1.000000000,1,2025-12-23 01:21:00.000000,2025-12-23 01:21:59.999922,1,BAY01_0042_20251223_011548_000.7z
2025-12-23 01:22:00,9.882425,0.009882425,5.853886,1.213652,2.814887,768000,768000,1.000000000,1,2025-12-23 01:22:00.000000,2025-12-23 01:22:59.999922,1,BAY01_0042_20251223_011548_000.7z
2025-12-23 01:23:00,9.808774,0.009808774,5.894165,1.142418,2.772191,768000,768000,1.000000000,1,2025-12-23 01:23:00.000000,2025-12-23 01:23:59.999922,1,BAY01_0042_20251223_011548_000.7z
2025-12-23 01:24:00,9.806368,0.009806368,5.969634,1.149483,2.687251,768000,768000,1.000000000,1,2025-12-23 01:24:00.000000,2025-12-23 01:24:59.999922,1,BAY01_0042_20251223_011548_000.7z
2025-12-23 01:25:00,9.824005,0.009824005,5.837469,1.194130,2.792406,729700,768000,0.950130208,0,2025-12-23 01:25:00.000000,2025-12-23 01:25:59.999922,2,BAY01_0042_20251223_011548_000.7z;BAY01_0043_20251223_012551_000.7z
2025-12-23 01:26:00,9.808636,0.009808636,5.862430,1.156540,2.789665,768000,768000,1.000000000,1,2025-12-23 01:26:00.000000,2025-12-23 01:26:59.999922,1,BAY01_0043_20251223_012551_000.7z
2025-12-23 01:27:00,9.831076,0.009831076,5.876199,1.218620,2.736257,768000,768000,1.000000000,1,2025-12-23 01:27:00.000000,2025-12-23 01:27:59.999922,1,BAY01_0043_20251223_012551_000.7z
2025-12-23 01:28:00,9.833652,0.009833652,5.896724,1.230078,2.706850,768000,768000,1.000000000,1,2025-12-23 01:28:00.000000,2025-12-23 01:28:59.999922,1,BAY01_0043_20251223_012551_000.7z
2025-12-23 01:29:00,9.839312,0.009839312,5.921610,1.222424,2.695279,768000,768000,1.000000000,1,2025-12-23 01:29:00.000000,2025-12-23 01:29:59.999922,1,BAY01_0043_20251223_012551_000.7z
2025-12-23 01:30:00,9.838258,0.009838258,5.865355,1.213885,2.759018,768000,768000,1.000000000,1,2025-12-23 01:30:00.000000,2025-12-23 01:30:59.999922,1,BAY01_0043_20251223_012551_000.7z
2025-12-23 01:31:00,9.837846,0.009837846,5.942047,1.163308,2.732490,768000,768000,1.000000000,1,2025-12-23 01:31:00.000000,2025-12-23 01:31:59.999922,1,BAY01_0043_20251223_012551_000.7z
2025-12-23 01:32:00,9.897576,0.009897576,5.902722,1.175216,2.819638,768000,768000,1.000000000,1,2025-12-23 01:32:00.000000,2025-12-23 01:32:59.999922,1,BAY01_0043_20251223_012551_000.7z
2025-12-23 01:33:00,9.837619,0.009837619,5.922084,1.139381,2.776154,768000,768000,1.000000000,1,2025-12-23 01:33:00.000000,2025-12-23 01:33:59.999922,1,BAY01_0043_20251223_012551_000.7z
2025-12-23 01:34:00,9.832098,0.009832098,5.871096,1.133227,2.827775,768000,768000,1.000000000,1,2025-12-23 01:34:00.000000,2025-12-23 01:34:59.999922,1,BAY01_0043_20251223_012551_000.7z
2025-12-23 01:35:00,9.839939,0.009839939,5.884274,1.215103,2.740562,729676,768000,0.950098958,0,2025-12-23 01:35:00.000000,2025-12-23 01:35:59.999922,2,BAY01_0043_20251223_012551_000.7z;BAY01_0044_20251223_013554_000.7z
2025-12-23 01:36:00,9.784992,0.009784992,5.881041,1.194919,2.709032,768000,768000,1.000000000,1,2025-12-23 01:36:00.000000,2025-12-23 01:36:59.999922,1,BAY01_0044_20251223_013554_000.7z
2025-12-23 01:37:00,9.834442,0.009834442,5.854710,1.224275,2.755457,768000,768000,1.000000000,1,2025-12-23 01:37:00.000000,2025-12-23 01:37:59.999922,1,BAY01_0044_20251223_013554_000.7z
2025-12-23 01:38:00,9.836996,0.009836996,5.924060,1.149186,2.763749,768000,768000,1.000000000,1,2025-12-23 01:38:00.000000,2025-12-23 01:38:59.999922,1,BAY01_0044_20251223_013554_000.7z
2025-12-23 01:39:00,9.829051,0.009829051,5.950012,1.147052,2.731988,768000,768000,1.000000000,1,2025-12-23 01:39:00.000000,2025-12-23 01:39:59.999922,1,BAY01_0044_20251223_013554_000.7z
2025-12-23 01:40:00,9.836713,0.009836713,5.925326,1.155511,2.755876,768000,768000,1.000000000,1,2025-12-23 01:40:00.000000,2025-12-23 01:40:59.999922,1,BAY01_0044_20251223_013554_000.7z
2025-12-23 01:41:00,9.834740,0.009834740,5.915484,1.182112,2.737144,768000,768000,1.000000000,1,2025-12-23 01:41:00.000000,2025-12-23 01:41:59.999922,1,BAY01_0044_20251223_013554_000.7z
2025-12-23 01:42:00,9.928853,0.009928853,5.876729,1.195290,2.856834,768000,768000,1.000000000,1,2025-12-23 01:42:00.000000,2025-12-23 01:42:59.999922,1,BAY01_0044_20251223_013554_000.7z
2025-12-23 01:43:00,9.831263,0.009831263,5.868428,1.152789,2.810045,768000,768000,1.000000000,1,2025-12-23 01:43:00.000000,2025-12-23 01:43:59.999922,1,BAY01_0044_20251223_013554_000.7z
2025-12-23 01:44:00,9.823457,0.009823457,5.820150,1.259424,2.743883,768000,768000,1.000000000,1,2025-12-23 01:44:00.000000,2025-12-23 01:44:59.999922,1,BAY01_0044_20251223_013554_000.7z
2025-12-23 01:45:00,9.838564,0.009838564,5.933597,1.187401,2.717566,704076,768000,0.916765625,0,2025-12-23 01:45:00.000000,2025-12-23 01:45:59.999922,2,BAY01_0044_20251223_013554_000.7z;BAY01_0045_20251223_014559_000.7z
2025-12-23 01:46:00,9.779648,0.009779648,5.867658,1.188746,2.723244,768000,768000,1.000000000,1,2025-12-23 01:46:00.000000,2025-12-23 01:46:59.999922,1,BAY01_0045_20251223_014559_000.7z
2025-12-23 01:47:00,9.884099,0.009884099,5.925182,1.159622,2.799295,768000,768000,1.000000000,1,2025-12-23 01:47:00.000000,2025-12-23 01:47:59.999922,1,BAY01_0045_20251223_014559_000.7z
2025-12-23 01:48:00,9.833466,0.009833466,5.852978,1.232948,2.747540,768000,768000,1.000000000,1,2025-12-23 01:48:00.000000,2025-12-23 01:48:59.999922,1,BAY01_0045_20251223_014559_000.7z
2025-12-23 01:49:00,9.832434,0.009832434,5.859236,1.229304,2.743895,768000,768000,1.000000000,1,2025-12-23 01:49:00.000000,2025-12-23 01:49:59.999922,1,BAY01_0045_20251223_014559_000.7z
2025-12-23 01:50:00,9.842771,0.009842771,5.873143,1.163375,2.806253,768000,768000,1.000000000,1,2025-12-23 01:50:00.000000,2025-12-23 01:50:59.999922,1,BAY01_0045_20251223_014559_000.7z
2025-12-23 01:51:00,9.859099,0.009859099,5.903649,1.191806,2.763644,768000,768000,1.000000000,1,2025-12-23 01:51:00.000000,2025-12-23 01:51:59.999922,1,BAY01_0045_20251223_014559_000.7z
2025-12-23 01:52:00,9.971266,0.009971266,5.941972,1.217736,2.811559,768000,768000,1.000000000,1,2025-12-23 01:52:00.000000,2025-12-23 01:52:59.999922,1,BAY01_0045_20251223_014559_000.7z
2025-12-23 01:53:00,9.839549,0.009839549,5.923053,1.206481,2.710015,768000,768000,1.000000000,1,2025-12-23 01:53:00.000000,2025-12-23 01:53:59.999922,1,BAY01_0045_20251223_014559_000.7z
2025-12-23 01:54:00,9.827181,0.009827181,5.931074,1.142958,2.753149,768000,768000,1.000000000,1,2025-12-23 01:54:00.000000,2025-12-23 01:54:59.999922,1,BAY01_0045_20251223_014559_000.7z
2025-12-23 01:55:00,9.837827,0.009837827,5.922145,1.198495,2.717186,755227,768000,0.983368490,0,2025-12-23 01:55:00.000000,2025-12-23 01:55:59.002031,1,BAY01_0045_20251223_014559_000.7z
2025-12-23 01:56:00,9.798500,0.009798500,5.803640,1.235051,2.759808,691200,768000,0.900000000,0,2025-12-23 01:56:06.000000,2025-12-23 01:56:59.999922,1,BAY01_0046_20251223_015606_000.7z
2025-12-23 01:57:00,9.899920,0.009899920,5.944535,1.231129,2.724256,768000,768000,1.000000000,1,2025-12-23 01:57:00.000000,2025-12-23 01:57:59.999922,1,BAY01_0046_20251223_015606_000.7z
2025-12-23 01:58:00,9.835206,0.009835206,5.902380,1.224491,2.708334,768000,768000,1.000000000,1,2025-12-23 01:58:00.000000,2025-12-23 01:58:59.999922,1,BAY01_0046_20251223_015606_000.7z
2025-12-23 01:59:00,9.844252,0.009844252,5.887380,1.232545,2.724327,768000,768000,1.000000000,1,2025-12-23 01:59:00.000000,2025-12-23 01:59:59.999922,1,BAY01_0046_20251223_015606_000.7z
2025-12-23 02:00:00,9.839183,0.009839183,5.897615,1.143178,2.798390,768000,768000,1.000000000,1,2025-12-23 02:00:00.000000,2025-12-23 02:00:59.999922,1,BAY01_0046_20251223_015606_000.7z
2025-12-23 02:01:00,9.863796,0.009863796,5.876019,1.196765,2.791012,768000,768000,1.000000000,1,2025-12-23 02:01:00.000000,2025-12-23 02:01:59.999922,1,BAY01_0046_20251223_015606_000.7z
2025-12-23 02:02:00,9.958709,0.009958709,5.980132,1.258536,2.720042,768000,768000,1.000000000,1,2025-12-23 02:02:00.000000,2025-12-23 02:02:59.999922,1,BAY01_0046_20251223_015606_000.7z
2025-12-23 02:03:00,9.840192,0.009840192,5.942126,1.191310,2.706756,768000,768000,1.000000000,1,2025-12-23 02:03:00.000000,2025-12-23 02:03:59.999922,1,BAY01_0046_20251223_015606_000.7z
2025-12-23 02:04:00,9.836306,0.009836306,5.872147,1.242141,2.722018,768000,768000,1.000000000,1,2025-12-23 02:04:00.000000,2025-12-23 02:04:59.999922,1,BAY01_0046_20251223_015606_000.7z
2025-12-23 02:05:00,9.849652,0.009849652,5.936764,1.175922,2.736966,768000,768000,1.000000000,1,2025-12-23 02:05:00.000000,2025-12-23 02:05:59.999922,1,BAY01_0046_20251223_015606_000.7z
2025-12-23 02:06:00,9.783414,0.009783414,5.871082,1.135551,2.776781,691327,768000,0.900165365,0,2025-12-23 02:06:00.000000,2025-12-23 02:06:59.999922,2,BAY01_0046_20251223_015606_000.7z;BAY01_0047_20251223_020612_000.7z
2025-12-23 02:07:00,9.862334,0.009862334,5.852848,1.241249,2.768238,768000,768000,1.000000000,1,2025-12-23 02:07:00.000000,2025-12-23 02:07:59.999922,1,BAY01_0047_20251223_020612_000.7z
2025-12-23 02:08:00,9.817950,0.009817950,5.924083,1.168475,2.725393,768000,768000,1.000000000,1,2025-12-23 02:08:00.000000,2025-12-23 02:08:59.999922,1,BAY01_0047_20251223_020612_000.7z
2025-12-23 02:09:00,9.834015,0.009834015,5.938050,1.186583,2.709382,768000,768000,1.000000000,1,2025-12-23 02:09:00.000000,2025-12-23 02:09:59.999922,1,BAY01_0047_20251223_020612_000.7z
2025-12-23 02:10:00,9.833330,0.009833330,5.853781,1.259255,2.720293,768000,768000,1.000000000,1,2025-12-23 02:10:00.000000,2025-12-23 02:10:59.999922,1,BAY01_0047_20251223_020612_000.7z
2025-12-23 02:11:00,9.863104,0.009863104,5.866136,1.164657,2.832312,768000,768000,1.000000000,1,2025-12-23 02:11:00.000000,2025-12-23 02:11:59.999922,1,BAY01_0047_20251223_020612_000.7z
2025-12-23 02:12:00,9.918582,0.009918582,5.914101,1.263203,2.741278,768000,768000,1.000000000,1,2025-12-23 02:12:00.000000,2025-12-23 02:12:59.999922,1,BAY01_0047_20251223_020612_000.7z
2025-12-23 02:13:00,9.869854,0.009869854,5.909446,1.172740,2.787668,768000,768000,1.000000000,1,2025-12-23 02:13:00.000000,2025-12-23 02:13:59.999922,1,BAY01_0047_20251223_020612_000.7z
2025-12-23 02:14:00,9.830723,0.009830723,5.860775,1.205311,2.764638,768000,768000,1.000000000,1,2025-12-23 02:14:00.000000,2025-12-23 02:14:59.999922,1,BAY01_0047_20251223_020612_000.7z
2025-12-23 02:15:00,9.862992,0.009862992,5.918990,1.214880,2.729122,768000,768000,1.000000000,1,2025-12-23 02:15:00.000000,2025-12-23 02:15:59.999922,1,BAY01_0047_20251223_020612_000.7z
2025-12-23 02:16:00,9.793785,0.009793785,5.906344,1.189160,2.698282,742453,768000,0.966735677,0,2025-12-23 02:16:00.000000,2025-12-23 02:16:59.999922,2,BAY01_0047_20251223_020612_000.7z;BAY01_0048_20251223_021614_000.7z
2025-12-23 02:17:00,9.834605,0.009834605,5.844714,1.204600,2.785291,768000,768000,1.000000000,1,2025-12-23 02:17:00.000000,2025-12-23 02:17:59.999922,1,BAY01_0048_20251223_021614_000.7z
2025-12-23 02:18:00,9.822282,0.009822282,5.892827,1.136799,2.792656,768000,768000,1.000000000,1,2025-12-23 02:18:00.000000,2025-12-23 02:18:59.999922,1,BAY01_0048_20251223_021614_000.7z
2025-12-23 02:19:00,9.847108,0.009847108,5.899905,1.137025,2.810178,768000,768000,1.000000000,1,2025-12-23 02:19:00.000000,2025-12-23 02:19:59.999922,1,BAY01_0048_20251223_021614_000.7z
2025-12-23 02:20:00,9.842652,0.009842652,5.876210,1.193136,2.773305,768000,768000,1.000000000,1,2025-12-23 02:20:00.000000,2025-12-23 02:20:59.999922,1,BAY01_0048_20251223_021614_000.7z
2025-12-23 02:21:00,9.842852,0.009842852,5.928090,1.143231,2.771531,768000,768000,1.000000000,1,2025-12-23 02:21:00.000000,2025-12-23 02:21:59.999922,1,BAY01_0048_20251223_021614_000.7z
2025-12-23 02:22:00,9.896055,0.009896055,5.916447,1.240810,2.738797,768000,768000,1.000000000,1,2025-12-23 02:22:00.000000,2025-12-23 02:22:59.999922,1,BAY01_0048_20251223_021614_000.7z
2025-12-23 02:23:00,9.834378,0.009834378,5.852185,1.228130,2.754063,768000,768000,1.000000000,1,2025-12-23 02:23:00.000000,2025-12-23 02:23:59.999922,1,BAY01_0048_20251223_021614_000.7z
2025-12-23 02:24:00,9.837094,0.009837094,5.944462,1.160884,2.731748,768000,768000,1.000000000,1,2025-12-23 02:24:00.000000,2025-12-23 02:24:59.999922,1,BAY01_0048_20251223_021614_000.7z
2025-12-23 02:25:00,9.855263,0.009855263,5.941417,1.191056,2.722791,768000,768000,1.000000000,1,2025-12-23 02:25:00.000000,2025-12-23 02:25:59.999922,1,BAY01_0048_20251223_021614_000.7z
2025-12-23 02:26:00,9.799189,0.009799189,5.905182,1.126455,2.767552,704008,768000,0.916677083,0,2025-12-23 02:26:00.000000,2025-12-23 02:26:59.999922,2,BAY01_0048_20251223_021614_000.7z;BAY01_0049_20251223_022619_000.7z
2025-12-23 02:27:00,9.837710,0.009837710,5.911693,1.149067,2.776950,768000,768000,1.000000000,1,2025-12-23 02:27:00.000000,2025-12-23 02:27:59.999922,1,BAY01_0049_20251223_022619_000.7z
2025-12-23 02:28:00,9.805190,0.009805190,5.844120,1.225803,2.735266,768000,768000,1.000000000,1,2025-12-23 02:28:00.000000,2025-12-23 02:28:59.999922,1,BAY01_0049_20251223_022619_000.7z
2025-12-23 02:29:00,9.838026,0.009838026,5.884197,1.157601,2.796228,768000,768000,1.000000000,1,2025-12-23 02:29:00.000000,2025-12-23 02:29:59.999922,1,BAY01_0049_20251223_022619_000.7z
2025-12-23 02:30:00,9.862836,0.009862836,5.939093,1.147741,2.776002,768000,768000,1.000000000,1,2025-12-23 02:30:00.000000,2025-12-23 02:30:59.999922,1,BAY01_0049_20251223_022619_000.7z
2025-12-23 02:31:00,9.834940,0.009834940,5.875659,1.130885,2.828396,768000,768000,1.000000000,1,2025-12-23 02:31:00.000000,2025-12-23 02:31:59.999922,1,BAY01_0049_20251223_022619_000.7z
2025-12-23 02:32:00,9.941048,0.009941048,5.895107,1.276177,2.769764,768000,768000,1.000000000,1,2025-12-23 02:32:00.000000,2025-12-23 02:32:59.999922,1,BAY01_0049_20251223_022619_000.7z
2025-12-23 02:33:00,9.840412,0.009840412,5.953870,1.165381,2.721161,768000,768000,1.000000000,1,2025-12-23 02:33:00.000000,2025-12-23 02:33:59.999922,1,BAY01_0049_20251223_022619_000.7z
2025-12-23 02:34:00,9.854724,0.009854724,5.895153,1.212267,2.747303,768000,768000,1.000000000,1,2025-12-23 02:34:00.000000,2025-12-23 02:34:59.999922,1,BAY01_0049_20251223_022619_000.7z
2025-12-23 02:35:00,9.822480,0.009822480,5.873047,1.153347,2.796086,768000,768000,1.000000000,1,2025-12-23 02:35:00.000000,2025-12-23 02:35:59.999922,1,BAY01_0049_20251223_022619_000.7z
2025-12-23 02:36:00,9.800884,0.009800884,5.884615,1.124148,2.792121,729708,768000,0.950140625,0,2025-12-23 02:36:00.000000,2025-12-23 02:36:59.999922,2,BAY01_0049_20251223_022619_000.7z;BAY01_0050_20251223_023622_000.7z
2025-12-23 02:37:00,9.857106,0.009857106,5.834583,1.221612,2.800911,768000,768000,1.000000000,1,2025-12-23 02:37:00.000000,2025-12-23 02:37:59.999922,1,BAY01_0050_20251223_023622_000.7z
2025-12-23 02:38:00,9.818442,0.009818442,5.902853,1.160498,2.755090,768000,768000,1.000000000,1,2025-12-23 02:38:00.000000,2025-12-23 02:38:59.999922,1,BAY01_0050_20251223_023622_000.7z
2025-12-23 02:39:00,9.829273,0.009829273,5.833709,1.196507,2.799056,768000,768000,1.000000000,1,2025-12-23 02:39:00.000000,2025-12-23 02:39:59.999922,1,BAY01_0050_20251223_023622_000.7z
2025-12-23 02:40:00,9.814375,0.009814375,5.935318,1.117832,2.761225,768000,768000,1.000000000,1,2025-12-23 02:40:00.000000,2025-12-23 02:40:59.999922,1,BAY01_0050_20251223_023622_000.7z
2025-12-23 02:41:00,9.829451,0.009829451,5.884791,1.216028,2.728632,768000,768000,1.000000000,1,2025-12-23 02:41:00.000000,2025-12-23 02:41:59.999922,1,BAY01_0050_20251223_023622_000.7z
2025-12-23 02:42:00,9.925379,0.009925379,5.905123,1.233908,2.786348,768000,768000,1.000000000,1,2025-12-23 02:42:00.000000,2025-12-23 02:42:59.999922,1,BAY01_0050_20251223_023622_000.7z
2025-12-23 02:43:00,9.868039,0.009868039,5.872051,1.246451,2.749537,768000,768000,1.000000000,1,2025-12-23 02:43:00.000000,2025-12-23 02:43:59.999922,1,BAY01_0050_20251223_023622_000.7z
2025-12-23 02:44:00,9.836807,0.009836807,5.863769,1.225292,2.747747,768000,768000,1.000000000,1,2025-12-23 02:44:00.000000,2025-12-23 02:44:59.999922,1,BAY01_0050_20251223_023622_000.7z
2025-12-23 02:45:00,9.824580,0.009824580,5.939815,1.174485,2.710280,768000,768000,1.000000000,1,2025-12-23 02:45:00.000000,2025-12-23 02:45:59.999922,1,BAY01_0050_20251223_023622_000.7z
2025-12-23 02:46:00,9.808368,0.009808368,5.899940,1.166893,2.741535,704064,768000,0.916750000,0,2025-12-23 02:46:00.000000,2025-12-23 02:46:59.999922,2,BAY01_0050_20251223_023622_000.7z;BAY01_0051_20251223_024627_000.7z
2025-12-23 02:47:00,9.827303,0.009827303,5.930274,1.187736,2.709293,768000,768000,1.000000000,1,2025-12-23 02:47:00.000000,2025-12-23 02:47:59.999922,1,BAY01_0051_20251223_024627_000.7z
2025-12-23 02:48:00,9.870046,0.009870046,5.914420,1.219196,2.736430,768000,768000,1.000000000,1,2025-12-23 02:48:00.000000,2025-12-23 02:48:59.999922,1,BAY01_0051_20251223_024627_000.7z
2025-12-23 02:49:00,9.858142,0.009858142,5.951710,1.155337,2.751095,768000,768000,1.000000000,1,2025-12-23 02:49:00.000000,2025-12-23 02:49:59.999922,1,BAY01_0051_20251223_024627_000.7z
2025-12-23 02:50:00,9.829870,0.009829870,5.912821,1.188067,2.728981,768000,768000,1.000000000,1,2025-12-23 02:50:00.000000,2025-12-23 02:50:59.999922,1,BAY01_0051_20251223_024627_000.7z
2025-12-23 02:51:00,9.838137,0.009838137,5.861480,1.241000,2.735658,768000,768000,1.000000000,1,2025-12-23 02:51:00.000000,2025-12-23 02:51:59.999922,1,BAY01_0051_20251223_024627_000.7z
2025-12-23 02:52:00,9.899309,0.009899309,5.934811,1.249890,2.714609,768000,768000,1.000000000,1,2025-12-23 02:52:00.000000,2025-12-23 02:52:59.999922,1,BAY01_0051_20251223_024627_000.7z
2025-12-23 02:53:00,9.870320,0.009870320,5.946682,1.190856,2.732782,768000,768000,1.000000000,1,2025-12-23 02:53:00.000000,2025-12-23 02:53:59.999922,1,BAY01_0051_20251223_024627_000.7z
2025-12-23 02:54:00,9.816893,0.009816893,5.983798,1.175761,2.657334,768000,768000,1.000000000,1,2025-12-23 02:54:00.000000,2025-12-23 02:54:59.999922,1,BAY01_0051_20251223_024627_000.7z
2025-12-23 02:55:00,9.824024,0.009824024,5.929724,1.126030,2.768270,768000,768000,1.000000000,1,2025-12-23 02:55:00.000000,2025-12-23 02:55:59.999922,1,BAY01_0051_20251223_024627_000.7z
2025-12-23 02:56:00,9.800102,0.009800102,5.900785,1.157257,2.742060,678425,768000,0.883365885,0,2025-12-23 02:56:00.000000,2025-12-23 02:56:59.999922,2,BAY01_0051_20251223_024627_000.7z;BAY01_0052_20251223_025634_000.7z
2025-12-23 02:57:00,9.770463,0.009770463,5.931386,1.131439,2.707639,768000,768000,1.000000000,1,2025-12-23 02:57:00.000000,2025-12-23 02:57:59.999922,1,BAY01_0052_20251223_025634_000.7z
2025-12-23 02:58:00,9.831941,0.009831941,5.923260,1.163967,2.744713,768000,768000,1.000000000,1,2025-12-23 02:58:00.000000,2025-12-23 02:58:59.999922,1,BAY01_0052_20251223_025634_000.7z
2025-12-23 02:59:00,9.836968,0.009836968,5.945737,1.167030,2.724201,768000,768000,1.000000000,1,2025-12-23 02:59:00.000000,2025-12-23 02:59:59.999922,1,BAY01_0052_20251223_025634_000.7z
2025-12-23 03:00:00,9.804005,0.009804005,5.931177,1.111836,2.760991,768000,768000,1.000000000,1,2025-12-23 03:00:00.000000,2025-12-23 03:00:59.999922,1,BAY01_0052_20251223_025634_000.7z
2025-12-23 03:01:00,9.801163,0.009801163,5.889811,1.205844,2.705508,768000,768000,1.000000000,1,2025-12-23 03:01:00.000000,2025-12-23 03:01:59.999922,1,BAY01_0052_20251223_025634_000.7z
2025-12-23 03:02:00,9.818092,0.009818092,5.941288,1.117238,2.759566,768000,768000,1.000000000,1,2025-12-23 03:02:00.000000,2025-12-23 03:02:59.999922,1,BAY01_0052_20251223_025634_000.7z
2025-12-23 03:03:00,9.862823,0.009862823,5.931675,1.182496,2.748651,768000,768000,1.000000000,1,2025-12-23 03:03:00.000000,2025-12-23 03:03:59.999922,1,BAY01_0052_20251223_025634_000.7z
2025-12-23 03:04:00,9.788231,0.009788231,5.961857,1.133567,2.692807,768000,768000,1.000000000,1,2025-12-23 03:04:00.000000,2025-12-23 03:04:59.999922,1,BAY01_0052_20251223_025634_000.7z
2025-12-23 03:05:00,9.795839,0.009795839,5.861623,1.192833,2.741383,768000,768000,1.000000000,1,2025-12-23 03:05:00.000000,2025-12-23 03:05:59.999922,1,BAY01_0052_20251223_025634_000.7z
2025-12-23 03:06:00,9.774432,0.009774432,5.853326,1.140830,2.780276,704043,768000,0.916722656,0,2025-12-23 03:06:00.000000,2025-12-23 03:06:59.999922,2,BAY01_0052_20251223_025634_000.7z;BAY01_0053_20251223_030639_000.7z
2025-12-23 03:07:00,9.756358,0.009756358,5.837588,1.168514,2.750256,768000,768000,1.000000000,1,2025-12-23 03:07:00.000000,2025-12-23 03:07:59.999922,1,BAY01_0053_20251223_030639_000.7z
2025-12-23 03:08:00,9.849744,0.009849744,5.933709,1.176141,2.739895,768000,768000,1.000000000,1,2025-12-23 03:08:00.000000,2025-12-23 03:08:59.999922,1,BAY01_0053_20251223_030639_000.7z
2025-12-23 03:09:00,9.831047,0.009831047,5.893575,1.173600,2.763872,768000,768000,1.000000000,1,2025-12-23 03:09:00.000000,2025-12-23 03:09:59.999922,1,BAY01_0053_20251223_030639_000.7z
2025-12-23 03:10:00,9.817937,0.009817937,5.890858,1.129943,2.797136,768000,768000,1.000000000,1,2025-12-23 03:10:00.000000,2025-12-23 03:10:59.999922,1,BAY01_0053_20251223_030639_000.7z
2025-12-23 03:11:00,9.826470,0.009826470,5.865762,1.232268,2.728440,768000,768000,1.000000000,1,2025-12-23 03:11:00.000000,2025-12-23 03:11:59.999922,1,BAY01_0053_20251223_030639_000.7z
2025-12-23 03:12:00,9.838011,0.009838011,5.908546,1.114823,2.814642,768000,768000,1.000000000,1,2025-12-23 03:12:00.000000,2025-12-23 03:12:59.999922,1,BAY01_0053_20251223_030639_000.7z
2025-12-23 03:13:00,9.955793,0.009955793,5.883586,1.281267,2.790940,768000,768000,1.000000000,1,2025-12-23 03:13:00.000000,2025-12-23 03:13:59.999922,1,BAY01_0053_20251223_030639_000.7z
2025-12-23 03:14:00,9.892080,0.009892080,5.989922,1.232856,2.669302,768000,768000,1.000000000,1,2025-12-23 03:14:00.000000,2025-12-23 03:14:59.999922,1,BAY01_0053_20251223_030639_000.7z
2025-12-23 03:15:00,9.880475,0.009880475,5.829392,1.264672,2.786412,768000,768000,1.000000000,1,2025-12-23 03:15:00.000000,2025-12-23 03:15:59.999922,1,BAY01_0053_20251223_030639_000.7z
2025-12-23 03:16:00,9.850950,0.009850950,5.891452,1.159755,2.799744,716823,768000,0.933363281,0,2025-12-23 03:16:00.000000,2025-12-23 03:16:59.999922,2,BAY01_0053_20251223_030639_000.7z;BAY01_0054_20251223_031643_000.7z
2025-12-23 03:17:00,9.778819,0.009778819,5.908696,1.110737,2.759386,768000,768000,1.000000000,1,2025-12-23 03:17:00.000000,2025-12-23 03:17:59.999922,1,BAY01_0054_20251223_031643_000.7z
2025-12-23 03:18:00,9.872191,0.009872191,5.872253,1.191518,2.808419,768000,768000,1.000000000,1,2025-12-23 03:18:00.000000,2025-12-23 03:18:59.999922,1,BAY01_0054_20251223_031643_000.7z
2025-12-23 03:19:00,9.889587,0.009889587,5.907068,1.181273,2.801246,768000,768000,1.000000000,1,2025-12-23 03:19:00.000000,2025-12-23 03:19:59.999922,1,BAY01_0054_20251223_031643_000.7z
2025-12-23 03:20:00,9.862319,0.009862319,5.928775,1.152123,2.781421,768000,768000,1.000000000,1,2025-12-23 03:20:00.000000,2025-12-23 03:20:59.999922,1,BAY01_0054_20251223_031643_000.7z
2025-12-23 03:21:00,9.860731,0.009860731,5.862544,1.231741,2.766446,768000,768000,1.000000000,1,2025-12-23 03:21:00.000000,2025-12-23 03:21:59.999922,1,BAY01_0054_20251223_031643_000.7z
2025-12-23 03:22:00,9.879024,0.009879024,5.935735,1.244059,2.699230,768000,768000,1.000000000,1,2025-12-23 03:22:00.000000,2025-12-23 03:22:59.999922,1,BAY01_0054_20251223_031643_000.7z
2025-12-23 03:23:00,9.931516,0.009931516,5.953231,1.227720,2.750565,768000,768000,1.000000000,1,2025-12-23 03:23:00.000000,2025-12-23 03:23:59.999922,1,BAY01_0054_20251223_031643_000.7z
2025-12-23 03:24:00,9.849399,0.009849399,5.908702,1.270222,2.670475,768000,768000,1.000000000,1,2025-12-23 03:24:00.000000,2025-12-23 03:24:59.999922,1,BAY01_0054_20251223_031643_000.7z
2025-12-23 03:25:00,9.853177,0.009853177,5.933526,1.159600,2.760051,768000,768000,1.000000000,1,2025-12-23 03:25:00.000000,2025-12-23 03:25:59.999922,1,BAY01_0054_20251223_031643_000.7z
2025-12-23 03:26:00,9.862893,0.009862893,5.889936,1.203506,2.769451,704022,768000,0.916695313,0,2025-12-23 03:26:00.000000,2025-12-23 03:26:59.999922,2,BAY01_0054_20251223_031643_000.7z;BAY01_0055_20251223_032648_000.7z
2025-12-23 03:27:00,9.781121,0.009781121,5.873149,1.127936,2.780036,768000,768000,1.000000000,1,2025-12-23 03:27:00.000000,2025-12-23 03:27:59.999922,1,BAY01_0055_20251223_032648_000.7z
2025-12-23 03:28:00,9.921581,0.009921581,5.926478,1.264895,2.730207,768000,768000,1.000000000,1,2025-12-23 03:28:00.000000,2025-12-23 03:28:59.999922,1,BAY01_0055_20251223_032648_000.7z
2025-12-23 03:29:00,9.871550,0.009871550,5.930182,1.150044,2.791324,768000,768000,1.000000000,1,2025-12-23 03:29:00.000000,2025-12-23 03:29:59.999922,1,BAY01_0055_20251223_032648_000.7z
2025-12-23 03:30:00,9.849883,0.009849883,5.931185,1.217119,2.701579,768000,768000,1.000000000,1,2025-12-23 03:30:00.000000,2025-12-23 03:30:59.999922,1,BAY01_0055_20251223_032648_000.7z
2025-12-23 03:31:00,9.841735,0.009841735,5.875510,1.178928,2.787297,768000,768000,1.000000000,1,2025-12-23 03:31:00.000000,2025-12-23 03:31:59.999922,1,BAY01_0055_20251223_032648_000.7z
2025-12-23 03:32:00,9.872520,0.009872520,5.936797,1.223006,2.712717,768000,768000,1.000000000,1,2025-12-23 03:32:00.000000,2025-12-23 03:32:59.999922,1,BAY01_0055_20251223_032648_000.7z
2025-12-23 03:33:00,10.017886,0.010017886,5.955194,1.238206,2.824487,768000,768000,1.000000000,1,2025-12-23 03:33:00.000000,2025-12-23 03:33:59.999922,1,BAY01_0055_20251223_032648_000.7z
2025-12-23 03:34:00,9.878130,0.009878130,5.873013,1.291550,2.713566,768000,768000,1.000000000,1,2025-12-23 03:34:00.000000,2025-12-23 03:34:59.999922,1,BAY01_0055_20251223_032648_000.7z
2025-12-23 03:35:00,9.859701,0.009859701,5.938983,1.184294,2.736424,768000,768000,1.000000000,1,2025-12-23 03:35:00.000000,2025-12-23 03:35:59.999922,1,BAY01_0055_20251223_032648_000.7z
2025-12-23 03:36:00,9.866345,0.009866345,5.858130,1.220220,2.787994,691253,768000,0.900069010,0,2025-12-23 03:36:00.000000,2025-12-23 03:36:59.999922,2,BAY01_0055_20251223_032648_000.7z;BAY01_0056_20251223_033654_000.7z
2025-12-23 03:37:00,9.789232,0.009789232,5.878560,1.218657,2.692015,768000,768000,1.000000000,1,2025-12-23 03:37:00.000000,2025-12-23 03:37:59.999922,1,BAY01_0056_20251223_033654_000.7z
2025-12-23 03:38:00,9.916639,0.009916639,5.930794,1.170366,2.815479,768000,768000,1.000000000,1,2025-12-23 03:38:00.000000,2025-12-23 03:38:59.999922,1,BAY01_0056_20251223_033654_000.7z
2025-12-23 03:39:00,9.891676,0.009891676,5.940738,1.185688,2.765250,768000,768000,1.000000000,1,2025-12-23 03:39:00.000000,2025-12-23 03:39:59.999922,1,BAY01_0056_20251223_033654_000.7z
2025-12-23 03:40:00,9.865591,0.009865591,5.874599,1.178255,2.812737,768000,768000,1.000000000,1,2025-12-23 03:40:00.000000,2025-12-23 03:40:59.999922,1,BAY01_0056_20251223_033654_000.7z
2025-12-23 03:41:00,9.865347,0.009865347,5.936281,1.208478,2.720587,768000,768000,1.000000000,1,2025-12-23 03:41:00.000000,2025-12-23 03:41:59.999922,1,BAY01_0056_20251223_033654_000.7z
2025-12-23 03:42:00,9.875871,0.009875871,5.871870,1.187660,2.816341,768000,768000,1.000000000,1,2025-12-23 03:42:00.000000,2025-12-23 03:42:59.999922,1,BAY01_0056_20251223_033654_000.7z
2025-12-23 03:43:00,9.977084,0.009977084,5.951714,1.201249,2.824122,768000,768000,1.000000000,1,2025-12-23 03:43:00.000000,2025-12-23 03:43:59.999922,1,BAY01_0056_20251223_033654_000.7z
2025-12-23 03:44:00,9.877204,0.009877204,5.929862,1.268746,2.678596,768000,768000,1.000000000,1,2025-12-23 03:44:00.000000,2025-12-23 03:44:59.999922,1,BAY01_0056_20251223_033654_000.7z
2025-12-23 03:45:00,9.866469,0.009866469,5.877796,1.245835,2.742837,768000,768000,1.000000000,1,2025-12-23 03:45:00.000000,2025-12-23 03:45:59.999922,1,BAY01_0056_20251223_033654_000.7z
2025-12-23 03:46:00,9.865695,0.009865695,5.855986,1.222004,2.787706,742535,768000,0.966842448,0,2025-12-23 03:46:00.000000,2025-12-23 03:46:59.999922,2,BAY01_0056_20251223_033654_000.7z;BAY01_0057_20251223_034656_000.7z
2025-12-23 03:47:00,9.790601,0.009790601,5.912551,1.174810,2.703239,768000,768000,1.000000000,1,2025-12-23 03:47:00.000000,2025-12-23 03:47:59.999922,1,BAY01_0057_20251223_034656_000.7z
2025-12-23 03:48:00,9.891901,0.009891901,5.859223,1.221872,2.810806,768000,768000,1.000000000,1,2025-12-23 03:48:00.000000,2025-12-23 03:48:59.999922,1,BAY01_0057_20251223_034656_000.7z
2025-12-23 03:49:00,9.892448,0.009892448,5.933360,1.233041,2.726047,768000,768000,1.000000000,1,2025-12-23 03:49:00.000000,2025-12-23 03:49:59.999922,1,BAY01_0057_20251223_034656_000.7z
2025-12-23 03:50:00,9.878678,0.009878678,5.932095,1.163252,2.783331,768000,768000,1.000000000,1,2025-12-23 03:50:00.000000,2025-12-23 03:50:59.999922,1,BAY01_0057_20251223_034656_000.7z
2025-12-23 03:51:00,9.864083,0.009864083,5.856332,1.237599,2.770152,768000,768000,1.000000000,1,2025-12-23 03:51:00.000000,2025-12-23 03:51:59.999922,1,BAY01_0057_20251223_034656_000.7z
2025-12-23 03:52:00,9.871970,0.009871970,5.893463,1.169822,2.808686,768000,768000,1.000000000,1,2025-12-23 03:52:00.000000,2025-12-23 03:52:59.999922,1,BAY01_0057_20251223_034656_000.7z
2025-12-23 03:53:00,9.959581,0.009959581,5.886519,1.254177,2.818886,768000,768000,1.000000000,1,2025-12-23 03:53:00.000000,2025-12-23 03:53:59.999922,1,BAY01_0057_20251223_034656_000.7z
2025-12-23 03:54:00,9.862460,0.009862460,5.938560,1.172600,2.751300,768000,768000,1.000000000,1,2025-12-23 03:54:00.000000,2025-12-23 03:54:59.999922,1,BAY01_0057_20251223_034656_000.7z
2025-12-23 03:55:00,9.866380,0.009866380,5.862539,1.277839,2.726001,768000,768000,1.000000000,1,2025-12-23 03:55:00.000000,2025-12-23 03:55:59.999922,1,BAY01_0057_20251223_034656_000.7z
2025-12-23 03:56:00,9.886172,0.009886172,5.982159,1.153395,2.750618,716918,768000,0.933486979,0,2025-12-23 03:56:00.000000,2025-12-23 03:56:56.009141,1,BAY01_0057_20251223_034656_000.7z
2025-12-23 03:57:00,9.795568,0.009795568,5.919615,1.140139,2.735814,768000,768000,1.000000000,1,2025-12-23 03:57:00.000000,2025-12-23 03:57:59.999922,1,BAY01_0058_20251223_035700_000.7z
2025-12-23 03:58:00,9.861667,0.009861667,5.886643,1.151578,2.823446,768000,768000,1.000000000,1,2025-12-23 03:58:00.000000,2025-12-23 03:58:59.999922,1,BAY01_0058_20251223_035700_000.7z
2025-12-23 03:59:00,9.903853,0.009903853,5.907304,1.262281,2.734269,768000,768000,1.000000000,1,2025-12-23 03:59:00.000000,2025-12-23 03:59:59.999922,1,BAY01_0058_20251223_035700_000.7z
2025-12-23 04:00:00,9.896185,0.009896185,5.925927,1.193529,2.776729,768000,768000,1.000000000,1,2025-12-23 04:00:00.000000,2025-12-23 04:00:59.999922,1,BAY01_0058_20251223_035700_000.7z
2025-12-23 04:01:00,9.875549,0.009875549,5.921867,1.224751,2.728932,768000,768000,1.000000000,1,2025-12-23 04:01:00.000000,2025-12-23 04:01:59.999922,1,BAY01_0058_20251223_035700_000.7z
2025-12-23 04:02:00,9.888949,0.009888949,5.892796,1.254327,2.741826,768000,768000,1.000000000,1,2025-12-23 04:02:00.000000,2025-12-23 04:02:59.999922,1,BAY01_0058_20251223_035700_000.7z
2025-12-23 04:03:00,9.940912,0.009940912,5.935788,1.169920,2.835205,768000,768000,1.000000000,1,2025-12-23 04:03:00.000000,2025-12-23 04:03:59.999922,1,BAY01_0058_20251223_035700_000.7z
2025-12-23 04:04:00,9.877217,0.009877217,5.943235,1.232489,2.701493,768000,768000,1.000000000,1,2025-12-23 04:04:00.000000,2025-12-23 04:04:59.999922,1,BAY01_0058_20251223_035700_000.7z
2025-12-23 04:05:00,9.899501,0.009899501,5.897295,1.257953,2.744252,768000,768000,1.000000000,1,2025-12-23 04:05:00.000000,2025-12-23 04:05:59.999922,1,BAY01_0058_20251223_035700_000.7z
2025-12-23 04:06:00,9.867799,0.009867799,5.913122,1.178685,2.775992,768000,768000,1.000000000,1,2025-12-23 04:06:00.000000,2025-12-23 04:06:59.999922,1,BAY01_0058_20251223_035700_000.7z
2025-12-23 04:07:00,9.812882,0.009812882,5.880073,1.159225,2.773584,716811,768000,0.933347656,0,2025-12-23 04:07:00.000000,2025-12-23 04:07:59.999922,2,BAY01_0058_20251223_035700_000.7z;BAY01_0059_20251223_040704_000.7z
2025-12-23 04:08:00,9.851560,0.009851560,5.912580,1.166635,2.772346,768000,768000,1.000000000,1,2025-12-23 04:08:00.000000,2025-12-23 04:08:59.999922,1,BAY01_0059_20251223_040704_000.7z
2025-12-23 04:09:00,9.906349,0.009906349,5.929955,1.185913,2.790481,768000,768000,1.000000000,1,2025-12-23 04:09:00.000000,2025-12-23 04:09:59.999922,1,BAY01_0059_20251223_040704_000.7z
2025-12-23 04:10:00,9.887058,0.009887058,5.959530,1.177508,2.750020,768000,768000,1.000000000,1,2025-12-23 04:10:00.000000,2025-12-23 04:10:59.999922,1,BAY01_0059_20251223_040704_000.7z
2025-12-23 04:11:00,9.865824,0.009865824,5.936671,1.210529,2.718623,768000,768000,1.000000000,1,2025-12-23 04:11:00.000000,2025-12-23 04:11:59.999922,1,BAY01_0059_20251223_040704_000.7z
2025-12-23 04:12:00,9.864646,0.009864646,5.924802,1.223045,2.716799,768000,768000,1.000000000,1,2025-12-23 04:12:00.000000,2025-12-23 04:12:59.999922,1,BAY01_0059_20251223_040704_000.7z
2025-12-23 04:13:00,9.993252,0.009993252,5.948581,1.276026,2.768645,768000,768000,1.000000000,1,2025-12-23 04:13:00.000000,2025-12-23 04:13:59.999922,1,BAY01_0059_20251223_040704_000.7z
2025-12-23 04:14:00,9.886148,0.009886148,5.920207,1.229170,2.736771,768000,768000,1.000000000,1,2025-12-23 04:14:00.000000,2025-12-23 04:14:59.999922,1,BAY01_0059_20251223_040704_000.7z
2025-12-23 04:15:00,9.874239,0.009874239,5.922062,1.170935,2.781242,768000,768000,1.000000000,1,2025-12-23 04:15:00.000000,2025-12-23 04:15:59.999922,1,BAY01_0059_20251223_040704_000.7z
2025-12-23 04:16:00,9.874333,0.009874333,5.962900,1.190168,2.721265,768000,768000,1.000000000,1,2025-12-23 04:16:00.000000,2025-12-23 04:16:59.999922,1,BAY01_0059_20251223_040704_000.7z
2025-12-23 04:17:00,9.821620,0.009821620,5.890518,1.231573,2.699529,691284,768000,0.900109375,0,2025-12-23 04:17:00.000000,2025-12-23 04:17:59.999922,2,BAY01_0059_20251223_040704_000.7z;BAY01_0060_20251223_041710_000.7z
2025-12-23 04:18:00,9.813959,0.009813959,5.883708,1.221247,2.709004,768000,768000,1.000000000,1,2025-12-23 04:18:00.000000,2025-12-23 04:18:59.999922,1,BAY01_0060_20251223_041710_000.7z
2025-12-23 04:19:00,9.951935,0.009951935,5.946270,1.220367,2.785299,768000,768000,1.000000000,1,2025-12-23 04:19:00.000000,2025-12-23 04:19:59.999922,1,BAY01_0060_20251223_041710_000.7z
2025-12-23 04:20:00,9.905369,0.009905369,5.915024,1.256404,2.733941,768000,768000,1.000000000,1,2025-12-23 04:20:00.000000,2025-12-23 04:20:59.999922,1,BAY01_0060_20251223_041710_000.7z
2025-12-23 04:21:00,9.885155,0.009885155,5.902987,1.183212,2.798955,768000,768000,1.000000000,1,2025-12-23 04:21:00.000000,2025-12-23 04:21:59.999922,1,BAY01_0060_20251223_041710_000.7z
2025-12-23 04:22:00,9.884034,0.009884034,5.952623,1.207677,2.723734,768000,768000,1.000000000,1,2025-12-23 04:22:00.000000,2025-12-23 04:22:59.999922,1,BAY01_0060_20251223_041710_000.7z
2025-12-23 04:23:00,9.900636,0.009900636,5.926416,1.186503,2.787716,768000,768000,1.000000000,1,2025-12-23 04:23:00.000000,2025-12-23 04:23:59.999922,1,BAY01_0060_20251223_041710_000.7z
2025-12-23 04:24:00,9.982584,0.009982584,5.846159,1.337730,2.798696,768000,768000,1.000000000,1,2025-12-23 04:24:00.000000,2025-12-23 04:24:59.999922,1,BAY01_0060_20251223_041710_000.7z
2025-12-23 04:25:00,9.874506,0.009874506,5.938771,1.184161,2.751574,768000,768000,1.000000000,1,2025-12-23 04:25:00.000000,2025-12-23 04:25:59.999922,1,BAY01_0060_20251223_041710_000.7z
2025-12-23 04:26:00,9.882776,0.009882776,5.921983,1.174844,2.785949,768000,768000,1.000000000,1,2025-12-23 04:26:00.000000,2025-12-23 04:26:59.999922,1,BAY01_0060_20251223_041710_000.7z
2025-12-23 04:27:00,9.834339,0.009834339,5.928896,1.156982,2.748461,716831,768000,0.933373698,0,2025-12-23 04:27:00.000000,2025-12-23 04:27:59.999922,2,BAY01_0060_20251223_041710_000.7z;BAY01_0061_20251223_042714_000.7z
2025-12-23 04:28:00,9.822493,0.009822493,5.947810,1.184258,2.690425,768000,768000,1.000000000,1,2025-12-23 04:28:00.000000,2025-12-23 04:28:59.999922,1,BAY01_0061_20251223_042714_000.7z
2025-12-23 04:29:00,9.939599,0.009939599,5.886287,1.213178,2.840134,768000,768000,1.000000000,1,2025-12-23 04:29:00.000000,2025-12-23 04:29:59.999922,1,BAY01_0061_20251223_042714_000.7z
2025-12-23 04:30:00,9.881790,0.009881790,5.932976,1.232537,2.716277,768000,768000,1.000000000,1,2025-12-23 04:30:00.000000,2025-12-23 04:30:59.999922,1,BAY01_0061_20251223_042714_000.7z
2025-12-23 04:31:00,9.890216,0.009890216,5.904525,1.186029,2.799662,768000,768000,1.000000000,1,2025-12-23 04:31:00.000000,2025-12-23 04:31:59.999922,1,BAY01_0061_20251223_042714_000.7z
2025-12-23 04:32:00,9.875722,0.009875722,5.954135,1.224670,2.696917,768000,768000,1.000000000,1,2025-12-23 04:32:00.000000,2025-12-23 04:32:59.999922,1,BAY01_0061_20251223_042714_000.7z
2025-12-23 04:33:00,9.897117,0.009897117,5.986025,1.194542,2.716549,768000,768000,1.000000000,1,2025-12-23 04:33:00.000000,2025-12-23 04:33:59.999922,1,BAY01_0061_20251223_042714_000.7z
2025-12-23 04:34:00,9.982391,0.009982391,5.976434,1.269426,2.736531,768000,768000,1.000000000,1,2025-12-23 04:34:00.000000,2025-12-23 04:34:59.999922,1,BAY01_0061_20251223_042714_000.7z
2025-12-23 04:35:00,9.879972,0.009879972,5.980702,1.171499,2.727771,768000,768000,1.000000000,1,2025-12-23 04:35:00.000000,2025-12-23 04:35:59.999922,1,BAY01_0061_20251223_042714_000.7z
2025-12-23 04:36:00,9.875804,0.009875804,5.936594,1.172696,2.766514,768000,768000,1.000000000,1,2025-12-23 04:36:00.000000,2025-12-23 04:36:59.999922,1,BAY01_0061_20251223_042714_000.7z
2025-12-23 04:37:00,9.824219,0.009824219,5.912835,1.144200,2.767184,716878,768000,0.933434896,0,2025-12-23 04:37:00.000000,2025-12-23 04:37:59.999922,2,BAY01_0061_20251223_042714_000.7z;BAY01_0062_20251223_043718_000.7z
2025-12-23 04:38:00,9.833743,0.009833743,5.918888,1.189059,2.725797,768000,768000,1.000000000,1,2025-12-23 04:38:00.000000,2025-12-23 04:38:59.999922,1,BAY01_0062_20251223_043718_000.7z
2025-12-23 04:39:00,9.940607,0.009940607,5.868190,1.245179,2.827238,768000,768000,1.000000000,1,2025-12-23 04:39:00.000000,2025-12-23 04:39:59.999922,1,BAY01_0062_20251223_043718_000.7z
2025-12-23 04:40:00,9.906845,0.009906845,5.955068,1.224366,2.727412,768000,768000,1.000000000,1,2025-12-23 04:40:00.000000,2025-12-23 04:40:59.999922,1,BAY01_0062_20251223_043718_000.7z
2025-12-23 04:41:00,9.895133,0.009895133,5.893714,1.264664,2.736755,768000,768000,1.000000000,1,2025-12-23 04:41:00.000000,2025-12-23 04:41:59.999922,1,BAY01_0062_20251223_043718_000.7z
2025-12-23 04:42:00,9.889084,0.009889084,5.887066,1.200457,2.801561,768000,768000,1.000000000,1,2025-12-23 04:42:00.000000,2025-12-23 04:42:59.999922,1,BAY01_0062_20251223_043718_000.7z
2025-12-23 04:43:00,9.907093,0.009907093,5.985518,1.196273,2.725303,768000,768000,1.000000000,1,2025-12-23 04:43:00.000000,2025-12-23 04:43:59.999922,1,BAY01_0062_20251223_043718_000.7z
2025-12-23 04:44:00,9.993262,0.009993262,5.879064,1.253513,2.860684,768000,768000,1.000000000,1,2025-12-23 04:44:00.000000,2025-12-23 04:44:59.999922,1,BAY01_0062_20251223_043718_000.7z
2025-12-23 04:45:00,9.885139,0.009885139,5.905397,1.265163,2.714579,768000,768000,1.000000000,1,2025-12-23 04:45:00.000000,2025-12-23 04:45:59.999922,1,BAY01_0062_20251223_043718_000.7z
2025-12-23 04:46:00,9.888489,0.009888489,5.925624,1.179128,2.783737,768000,768000,1.000000000,1,2025-12-23 04:46:00.000000,2025-12-23 04:46:59.999922,1,BAY01_0062_20251223_043718_000.7z
2025-12-23 04:47:00,9.845435,0.009845435,5.896281,1.166214,2.782940,716869,768000,0.933423177,0,2025-12-23 04:47:00.000000,2025-12-23 04:47:59.999922,2,BAY01_0062_20251223_043718_000.7z;BAY01_0063_20251223_044722_000.7z
2025-12-23 04:48:00,9.845236,0.009845236,5.877391,1.218863,2.748982,768000,768000,1.000000000,1,2025-12-23 04:48:00.000000,2025-12-23 04:48:59.999922,1,BAY01_0063_20251223_044722_000.7z
2025-12-23 04:49:00,9.928434,0.009928434,5.916993,1.188812,2.822629,768000,768000,1.000000000,1,2025-12-23 04:49:00.000000,2025-12-23 04:49:59.999922,1,BAY01_0063_20251223_044722_000.7z
2025-12-23 04:50:00,9.893051,0.009893051,5.942171,1.178921,2.771958,768000,768000,1.000000000,1,2025-12-23 04:50:00.000000,2025-12-23 04:50:59.999922,1,BAY01_0063_20251223_044722_000.7z
2025-12-23 04:51:00,9.889090,0.009889090,5.942177,1.186345,2.760569,768000,768000,1.000000000,1,2025-12-23 04:51:00.000000,2025-12-23 04:51:59.999922,1,BAY01_0063_20251223_044722_000.7z
2025-12-23 04:52:00,9.886484,0.009886484,5.978401,1.168361,2.739723,768000,768000,1.000000000,1,2025-12-23 04:52:00.000000,2025-12-23 04:52:59.999922,1,BAY01_0063_20251223_044722_000.7z
2025-12-23 04:53:00,9.884110,0.009884110,5.916740,1.171553,2.795817,768000,768000,1.000000000,1,2025-12-23 04:53:00.000000,2025-12-23 04:53:59.999922,1,BAY01_0063_20251223_044722_000.7z
2025-12-23 04:54:00,9.948632,0.009948632,5.845952,1.290151,2.812529,768000,768000,1.000000000,1,2025-12-23 04:54:00.000000,2025-12-23 04:54:59.999922,1,BAY01_0063_20251223_044722_000.7z
2025-12-23 04:55:00,9.896048,0.009896048,5.912153,1.209907,2.773988,768000,768000,1.000000000,1,2025-12-23 04:55:00.000000,2025-12-23 04:55:59.999922,1,BAY01_0063_20251223_044722_000.7z
2025-12-23 04:56:00,9.894433,0.009894433,5.920994,1.251071,2.722368,768000,768000,1.000000000,1,2025-12-23 04:56:00.000000,2025-12-23 04:56:59.999922,1,BAY01_0063_20251223_044722_000.7z
2025-12-23 04:57:00,9.845077,0.009845077,5.915920,1.184575,2.744583,691244,768000,0.900057292,0,2025-12-23 04:57:00.000000,2025-12-23 04:57:59.999922,2,BAY01_0063_20251223_044722_000.7z;BAY01_0064_20251223_045728_000.7z
2025-12-23 04:58:00,9.847875,0.009847875,5.922929,1.187623,2.737323,768000,768000,1.000000000,1,2025-12-23 04:58:00.000000,2025-12-23 04:58:59.999922,1,BAY01_0064_20251223_045728_000.7z
2025-12-23 04:59:00,9.930593,0.009930593,5.879887,1.240964,2.809742,768000,768000,1.000000000,1,2025-12-23 04:59:00.000000,2025-12-23 04:59:59.999922,1,BAY01_0064_20251223_045728_000.7z
2025-12-23 05:00:00,9.909621,0.009909621,5.886400,1.256692,2.766528,768000,768000,1.000000000,1,2025-12-23 05:00:00.000000,2025-12-23 05:00:59.999922,1,BAY01_0064_20251223_045728_000.7z
2025-12-23 05:01:00,9.910783,0.009910783,5.916898,1.203360,2.790525,768000,768000,1.000000000,1,2025-12-23 05:01:00.000000,2025-12-23 05:01:59.999922,1,BAY01_0064_20251223_045728_000.7z
2025-12-23 05:02:00,9.895061,0.009895061,5.936123,1.193495,2.765442,768000,768000,1.000000000,1,2025-12-23 05:02:00.000000,2025-12-23 05:02:59.999922,1,BAY01_0064_20251223_045728_000.7z
2025-12-23 05:03:00,9.915946,0.009915946,5.891384,1.247443,2.777118,768000,768000,1.000000000,1,2025-12-23 05:03:00.000000,2025-12-23 05:03:59.999922,1,BAY01_0064_20251223_045728_000.7z
2025-12-23 05:04:00,9.953354,0.009953354,5.886731,1.252742,2.813882,768000,768000,1.000000000,1,2025-12-23 05:04:00.000000,2025-12-23 05:04:59.999922,1,BAY01_0064_20251223_045728_000.7z
2025-12-23 05:05:00,9.894349,0.009894349,5.863286,1.232784,2.798279,768000,768000,1.000000000,1,2025-12-23 05:05:00.000000,2025-12-23 05:05:59.999922,1,BAY01_0064_20251223_045728_000.7z
2025-12-23 05:06:00,9.895766,0.009895766,5.875465,1.212838,2.807463,768000,768000,1.000000000,1,2025-12-23 05:06:00.000000,2025-12-23 05:06:59.999922,1,BAY01_0064_20251223_045728_000.7z
2025-12-23 05:07:00,9.865134,0.009865134,5.909975,1.177853,2.777306,704037,768000,0.916714844,0,2025-12-23 05:07:00.000000,2025-12-23 05:07:59.999922,2,BAY01_0064_20251223_045728_000.7z;BAY01_0065_20251223_050733_000.7z
2025-12-23 05:08:00,9.834305,0.009834305,5.934671,1.204087,2.695546,768000,768000,1.000000000,1,2025-12-23 05:08:00.000000,2025-12-23 05:08:59.999922,1,BAY01_0065_20251223_050733_000.7z
2025-12-23 05:09:00,9.954213,0.009954213,5.878988,1.236317,2.838908,768000,768000,1.000000000,1,2025-12-23 05:09:00.000000,2025-12-23 05:09:59.999922,1,BAY01_0065_20251223_050733_000.7z
2025-12-23 05:10:00,9.923221,0.009923221,5.876769,1.272232,2.774219,768000,768000,1.000000000,1,2025-12-23 05:10:00.000000,2025-12-23 05:10:59.999922,1,BAY01_0065_20251223_050733_000.7z
2025-12-23 05:11:00,9.942351,0.009942351,5.893175,1.300153,2.749022,768000,768000,1.000000000,1,2025-12-23 05:11:00.000000,2025-12-23 05:11:59.999922,1,BAY01_0065_20251223_050733_000.7z
2025-12-23 05:12:00,9.900668,0.009900668,5.897044,1.221529,2.782095,768000,768000,1.000000000,1,2025-12-23 05:12:00.000000,2025-12-23 05:12:59.999922,1,BAY01_0065_20251223_050733_000.7z
2025-12-23 05:13:00,9.984259,0.009984259,5.924460,1.211799,2.848001,768000,768000,1.000000000,1,2025-12-23 05:13:00.000000,2025-12-23 05:13:59.999922,1,BAY01_0065_20251223_050733_000.7z
2025-12-23 05:14:00,9.999327,0.009999327,5.948486,1.269770,2.781071,768000,768000,1.000000000,1,2025-12-23 05:14:00.000000,2025-12-23 05:14:59.999922,1,BAY01_0065_20251223_050733_000.7z
2025-12-23 05:15:00,9.917081,0.009917081,5.893437,1.290670,2.732973,768000,768000,1.000000000,1,2025-12-23 05:15:00.000000,2025-12-23 05:15:59.999922,1,BAY01_0065_20251223_050733_000.7z
2025-12-23 05:16:00,9.895119,0.009895119,5.930538,1.209293,2.755288,768000,768000,1.000000000,1,2025-12-23 05:16:00.000000,2025-12-23 05:16:59.999922,1,BAY01_0065_20251223_050733_000.7z
2025-12-23 05:17:00,9.862353,0.009862353,5.931024,1.167027,2.764302,704052,768000,0.916734375,0,2025-12-23 05:17:00.000000,2025-12-23 05:17:59.999922,2,BAY01_0065_20251223_050733_000.7z;BAY01_0066_20251223_051738_000.7z
2025-12-23 05:18:00,9.822436,0.009822436,5.927290,1.196227,2.698919,768000,768000,1.000000000,1,2025-12-23 05:18:00.000000,2025-12-23 05:18:59.999922,1,BAY01_0066_20251223_051738_000.7z
2025-12-23 05:19:00,9.987644,0.009987644,5.920002,1.310164,2.757478,768000,768000,1.000000000,1,2025-12-23 05:19:00.000000,2025-12-23 05:19:59.999922,1,BAY01_0066_20251223_051738_000.7z
2025-12-23 05:20:00,9.901365,0.009901365,5.926736,1.264699,2.709930,768000,768000,1.000000000,1,2025-12-23 05:20:00.000000,2025-12-23 05:20:59.999922,1,BAY01_0066_20251223_051738_000.7z
2025-12-23 05:21:00,9.909335,0.009909335,5.967985,1.189843,2.751507,768000,768000,1.000000000,1,2025-12-23 05:21:00.000000,2025-12-23 05:21:59.999922,1,BAY01_0066_20251223_051738_000.7z
2025-12-23 05:22:00,9.918222,0.009918222,5.935909,1.249883,2.732430,768000,768000,1.000000000,1,2025-12-23 05:22:00.000000,2025-12-23 05:22:59.999922,1,BAY01_0066_20251223_051738_000.7z
2025-12-23 05:23:00,10.611062,0.010611062,4.914972,2.333109,3.362982,768000,768000,1.000000000,1,2025-12-23 05:23:00.000000,2025-12-23 05:23:59.999922,1,BAY01_0066_20251223_051738_000.7z
2025-12-23 05:24:00,11.509427,0.011509427,3.861921,3.600843,4.046662,768000,768000,1.000000000,1,2025-12-23 05:24:00.000000,2025-12-23 05:24:59.999922,1,BAY01_0066_20251223_051738_000.7z
2025-12-23 05:25:00,11.427565,0.011427565,3.824447,3.629025,3.974093,768000,768000,1.000000000,1,2025-12-23 05:25:00.000000,2025-12-23 05:25:59.999922,1,BAY01_0066_20251223_051738_000.7z
2025-12-23 05:26:00,11.446959,0.011446959,3.755196,3.683806,4.007957,768000,768000,1.000000000,1,2025-12-23 05:26:00.000000,2025-12-23 05:26:59.999922,1,BAY01_0066_20251223_051738_000.7z
2025-12-23 05:27:00,11.414171,0.011414171,3.777332,3.622157,4.014682,704007,768000,0.916675781,0,2025-12-23 05:27:00.000000,2025-12-23 05:27:59.999922,2,BAY01_0066_20251223_051738_000.7z;BAY01_0067_20251223_052743_000.7z
2025-12-23 05:28:00,11.345813,0.011345813,3.766876,3.669083,3.909854,768000,768000,1.000000000,1,2025-12-23 05:28:00.000000,2025-12-23 05:28:59.999922,1,BAY01_0067_20251223_052743_000.7z
2025-12-23 05:29:00,11.451405,0.011451405,3.807979,3.659468,3.983958,768000,768000,1.000000000,1,2025-12-23 05:29:00.000000,2025-12-23 05:29:59.999922,1,BAY01_0067_20251223_052743_000.7z
2025-12-23 05:30:00,11.428677,0.011428677,3.750892,3.707219,3.970566,768000,768000,1.000000000,1,2025-12-23 05:30:00.000000,2025-12-23 05:30:59.999922,1,BAY01_0067_20251223_052743_000.7z
2025-12-23 05:31:00,11.425277,0.011425277,3.757635,3.693281,3.974362,768000,768000,1.000000000,1,2025-12-23 05:31:00.000000,2025-12-23 05:31:59.999922,1,BAY01_0067_20251223_052743_000.7z
2025-12-23 05:32:00,11.448409,0.011448409,3.774996,3.675718,3.997695,768000,768000,1.000000000,1,2025-12-23 05:32:00.000000,2025-12-23 05:32:59.999922,1,BAY01_0067_20251223_052743_000.7z
2025-12-23 05:33:00,11.409062,0.011409062,3.806306,3.621695,3.981061,768000,768000,1.000000000,1,2025-12-23 05:33:00.000000,2025-12-23 05:33:59.999922,1,BAY01_0067_20251223_052743_000.7z
2025-12-23 05:34:00,11.476540,0.011476540,3.772281,3.723474,3.980786,768000,768000,1.000000000,1,2025-12-23 05:34:00.000000,2025-12-23 05:34:59.999922,1,BAY01_0067_20251223_052743_000.7z
2025-12-23 05:35:00,11.418766,0.011418766,3.784806,3.639628,3.994333,768000,768000,1.000000000,1,2025-12-23 05:35:00.000000,2025-12-23 05:35:59.999922,1,BAY01_0067_20251223_052743_000.7z
2025-12-23 05:36:00,11.413233,0.011413233,3.744003,3.648074,4.021156,768000,768000,1.000000000,1,2025-12-23 05:36:00.000000,2025-12-23 05:36:59.999922,1,BAY01_0067_20251223_052743_000.7z
2025-12-23 05:37:00,11.417335,0.011417335,3.761710,3.655436,4.000189,716881,768000,0.933438802,0,2025-12-23 05:37:00.000000,2025-12-23 05:37:59.999922,2,BAY01_0067_20251223_052743_000.7z;BAY01_0068_20251223_053747_000.7z
2025-12-23 05:38:00,11.338962,0.011338962,3.775402,3.604128,3.959431,768000,768000,1.000000000,1,2025-12-23 05:38:00.000000,2025-12-23 05:38:59.999922,1,BAY01_0068_20251223_053747_000.7z
2025-12-23 05:39:00,11.441464,0.011441464,3.835203,3.643623,3.962638,768000,768000,1.000000000,1,2025-12-23 05:39:00.000000,2025-12-23 05:39:59.999922,1,BAY01_0068_20251223_053747_000.7z
2025-12-23 05:40:00,11.424176,0.011424176,3.817954,3.632102,3.974120,768000,768000,1.000000000,1,2025-12-23 05:40:00.000000,2025-12-23 05:40:59.999922,1,BAY01_0068_20251223_053747_000.7z
2025-12-23 05:41:00,11.415386,0.011415386,3.833152,3.637659,3.944576,768000,768000,1.000000000,1,2025-12-23 05:41:00.000000,2025-12-23 05:41:59.999922,1,BAY01_0068_20251223_053747_000.7z
2025-12-23 05:42:00,11.416012,0.011416012,3.823718,3.677675,3.914619,768000,768000,1.000000000,1,2025-12-23 05:42:00.000000,2025-12-23 05:42:59.999922,1,BAY01_0068_20251223_053747_000.7z
2025-12-23 05:43:00,11.466707,0.011466707,3.803167,3.711227,3.952314,768000,768000,1.000000000,1,2025-12-23 05:43:00.000000,2025-12-23 05:43:59.999922,1,BAY01_0068_20251223_053747_000.7z
2025-12-23 05:44:00,11.458926,0.011458926,3.784961,3.679414,3.994550,768000,768000,1.000000000,1,2025-12-23 05:44:00.000000,2025-12-23 05:44:59.999922,1,BAY01_0068_20251223_053747_000.7z
2025-12-23 05:45:00,11.425075,0.011425075,3.740633,3.684022,4.000420,768000,768000,1.000000000,1,2025-12-23 05:45:00.000000,2025-12-23 05:45:59.999922,1,BAY01_0068_20251223_053747_000.7z
2025-12-23 05:46:00,11.407179,0.011407179,3.756155,3.632929,4.018095,768000,768000,1.000000000,1,2025-12-23 05:46:00.000000,2025-12-23 05:46:59.999922,1,BAY01_0068_20251223_053747_000.7z
2025-12-23 05:47:00,11.404756,0.011404756,3.846755,3.677405,3.880596,716941,768000,0.933516927,0,2025-12-23 05:47:00.000000,2025-12-23 05:47:59.999922,2,BAY01_0068_20251223_053747_000.7z;BAY01_0069_20251223_054751_000.7z
2025-12-23 05:48:00,11.360807,0.011360807,3.746693,3.722859,3.891256,768000,768000,1.000000000,1,2025-12-23 05:48:00.000000,2025-12-23 05:48:59.999922,1,BAY01_0069_20251223_054751_000.7z
2025-12-23 05:49:00,11.463767,0.011463767,3.813904,3.614176,4.035686,768000,768000,1.000000000,1,2025-12-23 05:49:00.000000,2025-12-23 05:49:59.999922,1,BAY01_0069_20251223_054751_000.7z
2025-12-23 05:50:00,11.445944,0.011445944,3.745505,3.698905,4.001535,768000,768000,1.000000000,1,2025-12-23 05:50:00.000000,2025-12-23 05:50:59.999922,1,BAY01_0069_20251223_054751_000.7z
2025-12-23 05:51:00,11.418305,0.011418305,3.838089,3.631383,3.948833,768000,768000,1.000000000,1,2025-12-23 05:51:00.000000,2025-12-23 05:51:59.999922,1,BAY01_0069_20251223_054751_000.7z
2025-12-23 05:52:00,11.422832,0.011422832,3.763068,3.735809,3.923955,768000,768000,1.000000000,1,2025-12-23 05:52:00.000000,2025-12-23 05:52:59.999922,1,BAY01_0069_20251223_054751_000.7z
2025-12-23 05:53:00,11.429452,0.011429452,3.724582,3.722012,3.982858,768000,768000,1.000000000,1,2025-12-23 05:53:00.000000,2025-12-23 05:53:59.999922,1,BAY01_0069_20251223_054751_000.7z
2025-12-23 05:54:00,11.432256,0.011432256,3.868128,3.622415,3.941713,768000,768000,1.000000000,1,2025-12-23 05:54:00.000000,2025-12-23 05:54:59.999922,1,BAY01_0069_20251223_054751_000.7z
2025-12-23 05:55:00,11.497131,0.011497131,3.766357,3.738687,3.992087,768000,768000,1.000000000,1,2025-12-23 05:55:00.000000,2025-12-23 05:55:59.999922,1,BAY01_0069_20251223_054751_000.7z
2025-12-23 05:56:00,11.426368,0.011426368,3.791238,3.728345,3.906784,768000,768000,1.000000000,1,2025-12-23 05:56:00.000000,2025-12-23 05:56:59.999922,1,BAY01_0069_20251223_054751_000.7z
2025-12-23 05:57:00,11.426110,0.011426110,3.878319,3.617711,3.930080,652884,768000,0.850109375,0,2025-12-23 05:57:00.000000,2025-12-23 05:57:51.006484,1,BAY01_0069_20251223_054751_000.7z
