epoch,train_loss,seconds,n,mae,generation_mae,rmse,r2,activity_f1,energy_reference_kwh,energy_predicted_kwh,energy_bias_kwh,energy_bias_pct,daily_absolute_energy_bias_kwh,inactive_mae,inactive_predicted_energy_kwh,active_0_2_mae,ramp_mae_kw_per_min,curve_correlation,peak_error_kw,one_minute_spike_count
1,0.273262083530426,2.113499099999899,9408,0.05265161317708002,0.290763184017534,0.16170364011944724,0.4180451874843618,0.6500829187396352,4.605468812172208,10.194125366210937,5.588656458779952,121.34826413348385,0.7483487091576022,0.04216106899511795,6.547659810384115,0.27299989699533395,0.04555241640838189,0.7594624990991777,-0.12639787399291968,58
2,0.14587147533893585,1.917944400000124,9408,0.020555162265202383,0.2855521040601964,0.10661134732216263,0.7470372727648905,0.7554179566563467,4.605468812172208,4.555887858072917,-0.04958086905789904,-1.0765650812107836,0.31462078537692256,0.008880122214973479,1.5491202036539713,0.2566290141682229,0.012911979201657198,0.864318559272508,-0.23764016830444312,5
3,0.11889281123876572,1.4766116999999213,9408,0.017056361153419786,0.27869717070262484,0.10001267359018365,0.7773822723010584,0.8651685393258427,4.605468812172208,4.178922271728515,-0.4265462662041192,-9.261733899418918,0.24257028750975557,0.005529183105363587,1.0459630966186524,0.24172362143565831,0.012251207449074982,0.883844092829371,-0.7638550063323972,7
4,0.10341209918260574,1.6190076000002591,9408,0.013760736744423624,0.2640238978628173,0.08932509558791481,0.8224189374200952,0.8405797101449275,4.605468812172208,3.4968292236328127,-1.1086393214457826,-24.072236001591413,0.2235566423823399,0.0027348267495282377,0.5821449915568034,0.22291076886566932,0.007481593815489609,0.9181105524936336,-0.8647945185852048,2
5,0.09110355377197266,1.5551417999995465,9408,0.012292825259336154,0.2126775933500641,0.08114050540267496,0.8534704931276592,0.8980716253443526,4.605468812172208,4.151611836751302,-0.4538573072026332,-9.854747165002896,0.14635787481342383,0.0034644207612761157,0.6199065526326497,0.17666340449820603,0.009414779798947802,0.9266435118788693,-0.6221142073822019,3
6,0.08770408481359482,1.7380284000009851,9408,0.011746377362206045,0.24348943305865575,0.07607611886932147,0.8711909527972068,0.8579626972740315,4.605468812172208,3.2629130045572916,-1.342555810177024,-29.151338656960668,0.18391792017339448,0.001536412529058722,0.2793103853861491,0.19726553724021617,0.005082121215398618,0.9588458052143616,-1.278411175842285,0
7,0.08221288025379181,1.5717753000008088,9408,0.008693254118460553,0.16794301547721835,0.05994555214412109,0.9200232778558644,0.8620199146514936,4.605468812172208,3.9357259114583334,-0.669742367463792,-14.542327714687147,0.10224735321306952,0.0016771454446810772,0.27057841618855794,0.14859766631620025,0.004976246020204773,0.9611806617401751,-0.7172863742065427,1
8,0.08304870873689651,1.807371000000785,9408,0.010172568357909464,0.20795926574736964,0.06492482273189767,0.9061852304415776,0.8741159830268741,4.605468812172208,3.445897420247396,-1.1595712193934251,-25.178136400113928,0.15524004764219143,0.0014586277449235923,0.21540700594584147,0.16745545382169172,0.004448444360916817,0.9701819721340442,-1.083157803649902,0
9,0.07437010854482651,2.209828600000037,9408,0.008293873683109139,0.1630721995900022,0.0527074430834155,0.9381708084375929,0.8795518207282913,4.605468812172208,3.844646453857422,-0.760822580212091,-16.51998116242248,0.10357192115688094,0.0014747642185617465,0.20005675951639812,0.13560208539165258,0.0044805188512307605,0.9751975294952264,-0.7862391730499265,0
10,0.08161354809999466,2.118048899999849,9408,0.010596444498403353,0.21723137383562371,0.07091246767840069,0.8880833071237249,0.8888888888888888,4.605468812172208,3.3734886169433596,-1.231980178701754,-26.75037502035933,0.16353572466240593,0.0014926750003591328,0.2039077123006185,0.16881104672626823,0.00437569136993854,0.9659277051372572,-1.3437826892089841,0
11,0.07483982294797897,2.012334100001681,9408,0.009709746641967965,0.16770344602362497,0.07664884272979576,0.8692442261551236,0.8983516483516484,4.605468812172208,4.1310984293619795,-0.4743703875337808,-10.300154161939489,0.10089576033281841,0.002748976621491012,0.38575998942057294,0.13646933634098307,0.006773296400154519,0.933008821350437,-0.5163822432708738,1
12,0.07400331646203995,2.018857500001104,9408,0.00893197882149956,0.17271106154791768,0.05977128229559234,0.9204876082893819,0.8857938718662952,4.605468812172208,3.944610850016276,-0.6608581359407246,-14.349421587528358,0.09524566858371117,0.0017163206434518392,0.21861254374186198,0.14004219991208866,0.0052913667456580445,0.9649411435044923,-1.0568313857269285,0
13,0.07179364562034607,2.0386044000006223,9408,0.008296837492593759,0.16374638842455566,0.056349786309597145,0.9293301421125282,0.8919667590027701,4.605468812172208,3.811310323079427,-0.7941587030990672,-17.243818935438533,0.10857326261529096,0.0014481556903532878,0.17717135747273763,0.1278058616705064,0.004100402062419931,0.9728488297535458,-1.029721524353027,0
14,0.06908159703016281,2.1134414999996807,9408,0.007978556660184488,0.15678820136017824,0.052306617717356,0.9391076201709424,0.8620199146514936,4.605468812172208,3.916542816162109,-0.6889262197690785,-14.958872763360235,0.09464658160058179,0.0014224109553906213,0.16307255427042644,0.1297684957009081,0.004280968141097998,0.9730758986282224,-0.903171803588867,0
15,0.07000194489955902,2.023098599998775,9408,0.008315671677934221,0.1655697799810476,0.05511815873232614,0.9323856194751674,0.8620199146514936,4.605468812172208,3.8177897135416665,-0.7876788143220127,-17.103119062280598,0.1079528484616182,0.0013874860163721275,0.1716570536295573,0.1365120793741749,0.004185603393965053,0.9707608982655526,-1.0159187575531003,0
16,0.06518381834030151,2.0233233999988443,9408,0.007776449834113049,0.1592346692279762,0.04807970791694709,0.94855142949425,0.8677098150782361,4.605468812172208,3.8506324768066404,-0.7548363962367141,-16.390001257671948,0.09435454590209998,0.001103615176543004,0.11535110473632812,0.13302821566332054,0.0037973810384939327,0.9786604149887572,-0.8941636344146726,0
17,0.06699094921350479,1.8552368999989994,9408,0.007718500535770761,0.15748492905804845,0.04994208502147558,0.9444884939084438,0.8668555240793201,4.605468812172208,3.868413798014323,-0.7370550398536573,-16.003909046254492,0.09280765444335856,0.001120201554154487,0.1409729321797689,0.12624623077732836,0.0038956514469323635,0.9781829797477919,-1.029841210479736,0
18,0.06482475996017456,1.758926700000302,9408,0.007810762376893854,0.15998422836049667,0.04653944322787002,0.9517950054909277,0.88268156424581,4.605468812172208,4.285862223307292,-0.3196062513759286,-6.9397115562092715,0.03995080976245232,0.0011064159119631794,0.13984983762105305,0.13913938786502103,0.004089274197443465,0.9761101640816883,-0.8021545668792722,0
19,0.06606731563806534,2.0891553000001295,9408,0.007963890381081402,0.16269858138099674,0.05126634444925099,0.9415055888529114,0.8823529411764706,4.605468812172208,3.9567242940266927,-0.6487445898951888,-14.086396333432189,0.08282472639174529,0.0011467033511217517,0.14964764912923176,0.1309409454509837,0.003926201591805811,0.9758625955874602,-0.9909572859954832,0
20,0.0649992972612381,1.8428647000000637,9408,0.0077722871276877424,0.15878131084040506,0.046993618212900976,0.9508495566556845,0.8704225352112676,4.605468812172208,4.381021626790365,-0.22444720814977037,-4.873493173084978,0.029861968628292476,0.0011192428025352873,0.16465959548950196,0.13850726101442024,0.003914819745317423,0.9755077719930841,-0.8402660151672361,0
21,0.06169474869966507,1.5966133000001719,9408,0.008229091216648854,0.1633578527901262,0.056769846991518956,0.9282725950756173,0.8980716253443526,4.605468812172208,4.221695963541666,-0.38377290601747466,-8.332982410024506,0.059058776393694376,0.0013945425156533474,0.19537978172302245,0.13506457383311826,0.004388830212563532,0.9647411344991033,-0.9564144869995115,0
22,0.06393232196569443,2.79959510000117,9408,0.009166303537073726,0.19347886659896957,0.058371306955426194,0.9241686991874728,0.8603988603988604,4.605468812172208,3.7265551249186197,-0.8789137759154976,-19.08413262060395,0.11103755518623956,0.0010459964085005762,0.1524835268656413,0.15543800280188422,0.004402893890661457,0.970213799203335,-0.3115985652160642,0
23,0.06601382046937943,1.9219642999996722,9408,0.007929649494209361,0.16627336923822428,0.05231791322853598,0.9390813181520842,0.8873435326842837,4.605468812172208,4.028972371419271,-0.5764963426807898,-12.517647305679624,0.0733400764129068,0.0009534585344519618,0.19030877749125164,0.1341627776502243,0.004174081600658179,0.9743776072729882,-1.0417440196228025,0
24,0.05700484663248062,1.7551989000003232,9408,0.009844392655574285,0.20365006235468408,0.05870521985175552,0.9232986321937173,0.8780487804878049,4.605468812172208,5.10927734375,0.5038087177899196,10.939357931560806,0.07453183235260846,0.0013058452279251231,0.2302533467610677,0.19207937708279155,0.004511874111862695,0.9670201463636108,-0.07089688980102515,0
25,0.06345897167921066,1.9831415999997262,9408,0.00837885438367012,0.17470258248004056,0.051677314973878105,0.9405640029489032,0.8636363636363636,4.605468812172208,4.487944030761719,-0.11752436892190052,-2.5518437691139018,0.01539046425667921,0.001051086094439282,0.15427107810974122,0.15481356794807355,0.0040936195296388984,0.9698375427358493,-0.7822292109680173,0
