seed,split,macro_pr_auc,macro_f1,evaluated_labels,PV_f1,PV_pr_auc,ESS_f1,ESS_pr_auc,EV_f1,EV_pr_auc
42,train,0.9327717939062343,0.81285624821172,3,0.9156417533900978,0.9716135253982159,0.9290030211480362,0.9646442708934624,0.5939239700970256,0.8620575854270247
2026,train,0.9801141283617744,0.9312699108121194,3,0.9543534089967691,0.9873626023669992,0.937533714532312,0.9718793128328644,0.9019226089072767,0.9811004698854592
3407,train,0.951541640053267,0.8328672666030529,3,0.9363599513579246,0.9768300169760068,0.9266673803661278,0.9616828483235101,0.6355744680851064,0.9161120548602844
42,validation,0.8502485803441857,0.8591903670153469,3,0.899878394811512,0.9542202476755512,0.8914858096828047,0.8996732471076018,0.7862068965517242,0.6968522462494042
2026,validation,0.8832933133525614,0.8431502215577579,3,0.9243697478991597,0.969700534271777,0.875605815831987,0.8733930104338058,0.7294751009421265,0.8067863953521015
3407,validation,0.8499133696268862,0.8311008854985188,3,0.8961201501877347,0.9582512746356686,0.8109756097560976,0.8412874111435621,0.7862068965517242,0.7502014231014277
42,internal_test,0.9104391490761975,0.8212443196419706,3,0.8560758402757829,0.9406182546832711,0.8870748299319728,0.8886370876346761,0.7205822887181561,0.9020621049106454
2026,internal_test,0.8735789142372569,0.8162411331222615,3,0.8467028261490152,0.9009809552478667,0.9043715846994536,0.9087011359697788,0.697648988518316,0.8110546514941254
3407,internal_test,0.9039621862904695,0.8310581937395377,3,0.8489208633093526,0.9316069091325606,0.9041095890410958,0.9183145912213739,0.7401441288681645,0.8619650585174741
42,domain_test,0.9001205270445194,0.8350255847413555,2,0.8770144189991518,0.9477220499743433,,,0.793036750483559,0.8525190041146955
2026,domain_test,0.842863434333813,0.7093762603347449,2,0.8506944444444444,0.9143773873367487,,,0.5680580762250453,0.7713494813308773
3407,domain_test,0.8829522067995781,0.8106400497387038,2,0.8514056224899599,0.9168059187148497,,,0.7698744769874477,0.8490984948843064
