seed,stage,epoch,loss,endpoints,macro_pr_auc,macro_f1,evaluated_labels,PV_f1,PV_pr_auc,ESS_f1,ESS_pr_auc,EV_f1,EV_pr_auc
2026,aux_ev_raw_pretrain,1,0.10321947112113725,54570,,,,,,,,,
2026,aux_ev_raw_pretrain,2,0.00920340149972379,54570,,,,,,,,,
2026,aux_ev_raw_pretrain,3,0.005485170555385874,54570,,,,,,,,,
2026,main_raw_finetune,1,0.8392671493922963,21726,0.7057611547021315,0.4857901719013114,3.0,0.6598434677904876,0.6886993633851893,0.7975270479134466,0.7814140282261849,0.0,0.6471700724950202
2026,main_raw_finetune,2,0.5658486236544217,21726,0.8217131631334956,0.5280604581988683,3.0,0.7127691841067637,0.8273329563218084,0.8597842835130971,0.8404414158715207,0.011627906976744186,0.7973651172071577
2026,main_raw_finetune,3,0.47742987310185153,21726,0.8223608196286865,0.5872665262536875,3.0,0.8592429253950753,0.9362548661277008,0.8624420401854714,0.8762481174406933,0.04011461318051576,0.6545794753176654
2026,main_raw_finetune,4,0.4291249201578252,21726,0.8303251852566698,0.6403835955610183,3.0,0.9102564102564102,0.9542280703097753,0.879746835443038,0.8961554012896572,0.13114754098360656,0.6405920841705766
2026,main_raw_finetune,5,0.39070834166863383,21726,0.7845136699547988,0.6022985310167083,3.0,0.8968222832483327,0.9646939837387221,0.8755905511811024,0.8560201685821692,0.034482758620689655,0.5328268575435049
2026,main_raw_finetune,6,0.33931971122236815,21726,0.7941427015988068,0.632529151948949,3.0,0.910411622276029,0.9666518237183513,0.8714733542319749,0.8569221870320718,0.11570247933884298,0.5588540940459976
2026,main_raw_finetune,7,0.3115335834376952,21726,0.8025115521162546,0.6857686832758859,3.0,0.908256880733945,0.9601828135529878,0.8461538461538461,0.839782924246877,0.3028953229398664,0.607568918548899
2026,main_raw_finetune,8,0.2851871476453893,21726,0.8779520109939966,0.8294285654875414,3.0,0.9105495387083835,0.9754256843153595,0.870253164556962,0.8571029310715347,0.7074829931972789,0.8013274175950956
2026,main_raw_finetune,9,0.2680875252274906,21726,0.8625524113311268,0.8096596426479131,3.0,0.9275603663613655,0.9691821708905318,0.8355957767722474,0.8539619562780641,0.6658227848101266,0.7645131068247842
2026,main_raw_finetune,10,0.24982312128824347,21726,0.8525989210724636,0.7688086952366718,3.0,0.9150707743547044,0.968297203988139,0.8492307692307692,0.8580483345684408,0.5421245421245421,0.7314512246608111
2026,main_raw_finetune,11,0.22956347325268914,21726,0.8782596712044305,0.8106339824604362,3.0,0.9171178675551853,0.9660465626945435,0.8491446345256609,0.8721393860331021,0.6656394453004623,0.7965930648856457
2026,main_raw_finetune,12,0.22673042381511016,21726,0.8832933133525614,0.80855738359763,3.0,0.9195020746887966,0.969700534271777,0.8373493975903614,0.8733930104338058,0.6688206785137318,0.8067863953521015
2026,main_raw_finetune,13,0.21039993254577413,21726,0.8240860285079569,0.7750522852505136,3.0,0.9186286658405618,0.9638250925182206,0.827893175074184,0.8840079965108362,0.5786350148367952,0.6244249964948141
2026,main_raw_finetune,14,0.20669575526433834,21726,0.8127842730305245,0.7143136206897377,3.0,0.9204639602319801,0.966844197798289,0.7895500725689405,0.8623613716731531,0.4329268292682927,0.6091472496201316
2026,main_raw_finetune,15,0.18422146956710256,21726,0.7952379629586434,0.7510227581251882,3.0,0.9266281945589447,0.9711937550305457,0.7977044476327116,0.7961899567647579,0.5287356321839081,0.6183301770806265
2026,main_raw_finetune,16,0.18527115776258357,21726,0.8229645595329117,0.7319529402801295,3.0,0.9129720853858785,0.9669183407124535,0.7688022284122563,0.8492748905030079,0.5140845070422535,0.6527004473832736
2026,main_raw_finetune,17,0.17865281911457287,21726,0.8375643752804253,0.7964726422551531,3.0,0.9246231155778895,0.9683591443317194,0.8443759630200308,0.9031086425449469,0.6204188481675392,0.6412253389646092
2026,main_raw_finetune,18,0.1635611593723297,21726,0.7947790155620412,0.719508204926734,3.0,0.9179926560587516,0.9711048122416338,0.8153618906942393,0.8513262477534074,0.42517006802721086,0.5619059866910825
