archive,archive_size_mib,status,message,filename_time,cfg_start_time,effective_start_time,time_source,cfg_minus_filename_ms,sample_rate_hz,declared_last_sample,dat_record_count,actual_duration_s,duration_from_record_count_s,declared_duration_s,timestamp_mode,processed_record_count,overlap_dropped,gap_before_ms,first_raw_time,last_raw_time,first_kept_time,last_kept_time,trailing_bytes
BAY01_0000_20251222_181243_000.7z,0.000,skipped_small_leading,Leading archive smaller than 10.000 MiB,,,,,,,,,,,,,,,,,,,,
BAY01_0001_20251222_182248_000.7z,0.000,skipped_small_leading,Leading archive smaller than 10.000 MiB,,,,,,,,,,,,,,,,,,,,
BAY01_0002_20251222_183253_000.7z,0.000,skipped_small_leading,Leading archive smaller than 10.000 MiB,,,,,,,,,,,,,,,,,,,,
BAY01_0003_20251222_184257_000.7z,0.000,skipped_small_leading,Leading archive smaller than 10.000 MiB,,,,,,,,,,,,,,,,,,,,
BAY01_0004_20251222_185301_000.7z,0.000,skipped_small_leading,Leading archive smaller than 10.000 MiB,,,,,,,,,,,,,,,,,,,,
BAY01_0005_20251222_190304_000.7z,0.000,skipped_small_leading,Leading archive smaller than 10.000 MiB,,,,,,,,,,,,,,,,,,,,
BAY01_0006_20251222_191307_000.7z,0.000,skipped_small_leading,Leading archive smaller than 10.000 MiB,,,,,,,,,,,,,,,,,,,,
BAY01_0007_20251222_192312_000.7z,0.000,skipped_small_leading,Leading archive smaller than 10.000 MiB,,,,,,,,,,,,,,,,,,,,
BAY01_0008_20251222_193315_000.7z,0.000,skipped_small_leading,Leading archive smaller than 10.000 MiB,,,,,,,,,,,,,,,,,,,,
BAY01_0009_20251222_194318_000.7z,0.000,skipped_small_leading,Leading archive smaller than 10.000 MiB,,,,,,,,,,,,,,,,,,,,
BAY01_0010_20251222_195323_000.7z,0.000,skipped_small_leading,Leading archive smaller than 10.000 MiB,,,,,,,,,,,,,,,,,,,,
BAY01_0011_20251222_200327_000.7z,0.000,skipped_small_leading,Leading archive smaller than 10.000 MiB,,,,,,,,,,,,,,,,,,,,
BAY01_0012_20251222_201330_000.7z,0.000,skipped_small_leading,Leading archive smaller than 10.000 MiB,,,,,,,,,,,,,,,,,,,,
BAY01_0013_20251222_202334_000.7z,0.000,skipped_small_leading,Leading archive smaller than 10.000 MiB,,,,,,,,,,,,,,,,,,,,
BAY01_0014_20251222_203337_000.7z,0.000,skipped_small_leading,Leading archive smaller than 10.000 MiB,,,,,,,,,,,,,,,,,,,,
BAY01_0015_20251222_204342_000.7z,0.000,skipped_small_leading,Leading archive smaller than 10.000 MiB,,,,,,,,,,,,,,,,,,,,
BAY01_0016_20251222_205346_000.7z,0.000,skipped_small_leading,Leading archive smaller than 10.000 MiB,,,,,,,,,,,,,,,,,,,,
BAY01_0017_20251222_210351_000.7z,0.000,skipped_small_leading,Leading archive smaller than 10.000 MiB,,,,,,,,,,,,,,,,,,,,
BAY01_0018_20251222_211356_000.7z,0.000,skipped_small_leading,Leading archive smaller than 10.000 MiB,,,,,,,,,,,,,,,,,,,,
BAY01_0019_20251222_212359_000.7z,0.000,skipped_small_leading,Leading archive smaller than 10.000 MiB,,,,,,,,,,,,,,,,,,,,
BAY01_0020_20251222_213402_000.7z,0.000,skipped_small_leading,Leading archive smaller than 10.000 MiB,,,,,,,,,,,,,,,,,,,,
BAY01_0021_20251222_214407_000.7z,0.000,skipped_small_leading,Leading archive smaller than 10.000 MiB,,,,,,,,,,,,,,,,,,,,
BAY01_0022_20251222_215412_000.7z,0.000,skipped_small_leading,Leading archive smaller than 10.000 MiB,,,,,,,,,,,,,,,,,,,,
BAY01_0023_20251222_220418_000.7z,0.000,skipped_small_leading,Leading archive smaller than 10.000 MiB,,,,,,,,,,,,,,,,,,,,
BAY01_0024_20251222_221423_000.7z,0.000,skipped_small_leading,Leading archive smaller than 10.000 MiB,,,,,,,,,,,,,,,,,,,,
BAY01_0025_20251222_222428_000.7z,0.000,skipped_small_leading,Leading archive smaller than 10.000 MiB,,,,,,,,,,,,,,,,,,,,
BAY01_0026_20251222_223433_000.7z,0.000,skipped_small_leading,Leading archive smaller than 10.000 MiB,,,,,,,,,,,,,,,,,,,,
BAY01_0027_20251222_224438_000.7z,0.000,skipped_small_leading,Leading archive smaller than 10.000 MiB,,,,,,,,,,,,,,,,,,,,
BAY01_0028_20251222_225442_000.7z,0.000,skipped_small_leading,Leading archive smaller than 10.000 MiB,,,,,,,,,,,,,,,,,,,,
BAY01_0029_20251222_230448_000.7z,0.000,skipped_small_leading,Leading archive smaller than 10.000 MiB,,,,,,,,,,,,,,,,,,,,
BAY01_0030_20251222_231453_000.7z,0.000,skipped_small_leading,Leading archive smaller than 10.000 MiB,,,,,,,,,,,,,,,,,,,,
BAY01_0031_20251222_232459_000.7z,0.000,skipped_small_leading,Leading archive smaller than 10.000 MiB,,,,,,,,,,,,,,,,,,,,
BAY01_0032_20251222_233503_000.7z,0.000,skipped_small_leading,Leading archive smaller than 10.000 MiB,,,,,,,,,,,,,,,,,,,,
BAY01_0033_20251222_234510_000.7z,0.000,skipped_small_leading,Leading archive smaller than 10.000 MiB,,,,,,,,,,,,,,,,,,,,
BAY01_0034_20251222_235515_000.7z,0.000,skipped_small_leading,Leading archive smaller than 10.000 MiB,,,,,,,,,,,,,,,,,,,,
BAY01_0035_20251223_000521_000.7z,0.000,skipped_small_leading,Leading archive smaller than 10.000 MiB,,,,,,,,,,,,,,,,,,,,
BAY01_0036_20251223_001525_000.7z,0.000,skipped_small_leading,Leading archive smaller than 10.000 MiB,,,,,,,,,,,,,,,,,,,,
BAY01_0037_20251223_002529_000.7z,0.000,skipped_small_leading,Leading archive smaller than 10.000 MiB,,,,,,,,,,,,,,,,,,,,
BAY01_0038_20251223_003533_000.7z,0.000,skipped_small_leading,Leading archive smaller than 10.000 MiB,,,,,,,,,,,,,,,,,,,,
BAY01_0039_20251223_004538_000.7z,0.000,skipped_small_leading,Leading archive smaller than 10.000 MiB,,,,,,,,,,,,,,,,,,,,
BAY01_0040_20251223_005543_000.7z,0.000,skipped_small_leading,Leading archive smaller than 10.000 MiB,,,,,,,,,,,,,,,,,,,,
BAY01_0041_20251223_010546_000.7z,0.000,skipped_small_leading,Leading archive smaller than 10.000 MiB,,,,,,,,,,,,,,,,,,,,
BAY01_0042_20251223_011551_000.7z,0.000,skipped_small_leading,Leading archive smaller than 10.000 MiB,,,,,,,,,,,,,,,,,,,,
BAY01_0043_20251223_012554_000.7z,0.000,skipped_small_leading,Leading archive smaller than 10.000 MiB,,,,,,,,,,,,,,,,,,,,
BAY01_0044_20251223_013558_000.7z,0.000,skipped_small_leading,Leading archive smaller than 10.000 MiB,,,,,,,,,,,,,,,,,,,,
BAY01_0045_20251223_014600_000.7z,0.000,skipped_small_leading,Leading archive smaller than 10.000 MiB,,,,,,,,,,,,,,,,,,,,
BAY01_0046_20251223_015604_000.7z,0.000,skipped_small_leading,Leading archive smaller than 10.000 MiB,,,,,,,,,,,,,,,,,,,,
BAY01_0047_20251223_020608_000.7z,0.000,skipped_small_leading,Leading archive smaller than 10.000 MiB,,,,,,,,,,,,,,,,,,,,
BAY01_0048_20251223_021612_000.7z,0.000,skipped_small_leading,Leading archive smaller than 10.000 MiB,,,,,,,,,,,,,,,,,,,,
BAY01_0049_20251223_022618_000.7z,0.000,skipped_small_leading,Leading archive smaller than 10.000 MiB,,,,,,,,,,,,,,,,,,,,
BAY01_0050_20251223_023621_000.7z,0.000,skipped_small_leading,Leading archive smaller than 10.000 MiB,,,,,,,,,,,,,,,,,,,,
BAY01_0051_20251223_024625_000.7z,0.000,skipped_small_leading,Leading archive smaller than 10.000 MiB,,,,,,,,,,,,,,,,,,,,
BAY01_0052_20251223_025629_000.7z,0.000,skipped_small_leading,Leading archive smaller than 10.000 MiB,,,,,,,,,,,,,,,,,,,,
BAY01_0053_20251223_030635_000.7z,0.000,skipped_small_leading,Leading archive smaller than 10.000 MiB,,,,,,,,,,,,,,,,,,,,
BAY01_0054_20251223_031638_000.7z,0.000,skipped_small_leading,Leading archive smaller than 10.000 MiB,,,,,,,,,,,,,,,,,,,,
BAY01_0055_20251223_032643_000.7z,0.000,skipped_small_leading,Leading archive smaller than 10.000 MiB,,,,,,,,,,,,,,,,,,,,
BAY01_0056_20251223_033647_000.7z,0.000,skipped_small_leading,Leading archive smaller than 10.000 MiB,,,,,,,,,,,,,,,,,,,,
BAY01_0057_20251223_034652_000.7z,0.000,skipped_small_leading,Leading archive smaller than 10.000 MiB,,,,,,,,,,,,,,,,,,,,
BAY01_0058_20251223_035656_000.7z,0.000,skipped_small_leading,Leading archive smaller than 10.000 MiB,,,,,,,,,,,,,,,,,,,,
BAY01_0059_20251223_040700_000.7z,0.000,skipped_small_leading,Leading archive smaller than 10.000 MiB,,,,,,,,,,,,,,,,,,,,
BAY01_0060_20251223_041705_000.7z,0.000,skipped_small_leading,Leading archive smaller than 10.000 MiB,,,,,,,,,,,,,,,,,,,,
BAY01_0061_20251223_042709_000.7z,0.000,skipped_small_leading,Leading archive smaller than 10.000 MiB,,,,,,,,,,,,,,,,,,,,
BAY01_0062_20251223_043714_000.7z,0.000,skipped_small_leading,Leading archive smaller than 10.000 MiB,,,,,,,,,,,,,,,,,,,,
BAY01_0063_20251223_044720_000.7z,0.000,skipped_small_leading,Leading archive smaller than 10.000 MiB,,,,,,,,,,,,,,,,,,,,
BAY01_0064_20251223_045724_000.7z,0.000,skipped_small_leading,Leading archive smaller than 10.000 MiB,,,,,,,,,,,,,,,,,,,,
BAY01_0065_20251223_050730_000.7z,0.000,skipped_small_leading,Leading archive smaller than 10.000 MiB,,,,,,,,,,,,,,,,,,,,
BAY01_0066_20251223_051733_000.7z,0.000,skipped_small_leading,Leading archive smaller than 10.000 MiB,,,,,,,,,,,,,,,,,,,,
BAY01_0067_20251223_052736_000.7z,0.000,skipped_small_leading,Leading archive smaller than 10.000 MiB,,,,,,,,,,,,,,,,,,,,
BAY01_0068_20251223_053740_000.7z,0.000,skipped_small_leading,Leading archive smaller than 10.000 MiB,,,,,,,,,,,,,,,,,,,,
BAY01_0069_20251223_054744_000.7z,0.000,skipped_small_leading,Leading archive smaller than 10.000 MiB,,,,,,,,,,,,,,,,,,,,
BAY01_0070_20251223_055746_000.7z,0.000,skipped_small_leading,Leading archive smaller than 10.000 MiB,,,,,,,,,,,,,,,,,,,,
BAY01_0071_20251223_060751_000.7z,0.000,skipped_small_leading,Leading archive smaller than 10.000 MiB,,,,,,,,,,,,,,,,,,,,
BAY01_0072_20251223_061755_000.7z,0.000,skipped_small_leading,Leading archive smaller than 10.000 MiB,,,,,,,,,,,,,,,,,,,,
BAY01_0073_20251223_062800_000.7z,0.000,skipped_small_leading,Leading archive smaller than 10.000 MiB,,,,,,,,,,,,,,,,,,,,
BAY01_0074_20251223_063804_000.7z,0.000,skipped_small_leading,Leading archive smaller than 10.000 MiB,,,,,,,,,,,,,,,,,,,,
BAY01_0075_20251223_064810_000.7z,0.000,skipped_small_leading,Leading archive smaller than 10.000 MiB,,,,,,,,,,,,,,,,,,,,
BAY01_0076_20251223_065814_000.7z,0.000,skipped_small_leading,Leading archive smaller than 10.000 MiB,,,,,,,,,,,,,,,,,,,,
BAY01_0077_20251223_070818_000.7z,0.000,skipped_small_leading,Leading archive smaller than 10.000 MiB,,,,,,,,,,,,,,,,,,,,
BAY01_0078_20251223_071823_000.7z,0.000,skipped_small_leading,Leading archive smaller than 10.000 MiB,,,,,,,,,,,,,,,,,,,,
BAY01_0079_20251223_072830_000.7z,0.000,skipped_small_leading,Leading archive smaller than 10.000 MiB,,,,,,,,,,,,,,,,,,,,
BAY01_0080_20251223_073836_000.7z,0.000,skipped_small_leading,Leading archive smaller than 10.000 MiB,,,,,,,,,,,,,,,,,,,,
BAY01_0081_20251223_074844_000.7z,0.000,skipped_small_leading,Leading archive smaller than 10.000 MiB,,,,,,,,,,,,,,,,,,,,
BAY01_0082_20251223_075848_000.7z,0.000,skipped_small_leading,Leading archive smaller than 10.000 MiB,,,,,,,,,,,,,,,,,,,,
BAY01_0083_20251223_080853_000.7z,0.000,skipped_small_leading,Leading archive smaller than 10.000 MiB,,,,,,,,,,,,,,,,,,,,
BAY01_0084_20251223_081857_000.7z,0.000,skipped_small_leading,Leading archive smaller than 10.000 MiB,,,,,,,,,,,,,,,,,,,,
BAY01_0085_20251223_082903_000.7z,0.000,skipped_small_leading,Leading archive smaller than 10.000 MiB,,,,,,,,,,,,,,,,,,,,
BAY01_0086_20251223_083907_000.7z,0.000,skipped_small_leading,Leading archive smaller than 10.000 MiB,,,,,,,,,,,,,,,,,,,,
BAY01_0087_20251223_084913_000.7z,0.000,skipped_small_leading,Leading archive smaller than 10.000 MiB,,,,,,,,,,,,,,,,,,,,
BAY01_0088_20251223_085917_000.7z,0.000,skipped_small_leading,Leading archive smaller than 10.000 MiB,,,,,,,,,,,,,,,,,,,,
BAY01_0089_20251223_090922_000.7z,0.000,skipped_small_leading,Leading archive smaller than 10.000 MiB,,,,,,,,,,,,,,,,,,,,
BAY01_0090_20251223_091926_000.7z,0.000,skipped_small_leading,Leading archive smaller than 10.000 MiB,,,,,,,,,,,,,,,,,,,,
BAY01_0091_20251223_092931_000.7z,0.000,skipped_small_leading,Leading archive smaller than 10.000 MiB,,,,,,,,,,,,,,,,,,,,
