seed,split,n,mae,generation_mae,rmse,r2,nmae,energy_bias_kwh,energy_bias_percent,daily_absolute_energy_bias_kwh,worst_domain_generation_mae,high_power_mae,active_n,f1
42,train,24824,0.1512701784893654,0.4458818323800081,0.4594458866476109,0.9946947068468167,0.0064348937933404815,-34.7927638164973,-2.73227630725289,1.7934949995839524,0.5556228441757914,0.6658612922707713,8079,0.9911196671427684
2026,train,24824,0.19874676354980572,0.5914448934293901,0.5738922389139757,0.9917224587378213,0.008454503908072427,-45.83056615006444,-3.5990751036694695,2.3733428411445123,0.7516756257131357,0.8940073443411442,8079,0.9890287994015708
3407,train,24824,0.1422327000386185,0.41619144753361464,0.43127987388630007,0.9953252430620019,0.006050447800277493,20.969819880835775,1.6467602956164442,1.0983433390936335,0.5044597159691449,0.5889464019218016,8079,0.9908791958801266
42,validation,5287,0.14213903915629114,0.41405917119736807,0.32894606235318785,0.9969117433967818,0.006046463552778179,-1.7261699980190712,-0.69361346135052,1.4159940500475423,0.5118107624833667,0.4133418456287689,1753,0.9633933759442185
2026,validation,5287,0.22661629209013248,0.6613073251937416,0.5045966414750268,0.9927330410694081,0.00964004793279956,-6.257484190733319,-2.5143961914884017,1.7301613049428344,0.7717628108589053,0.7497122365258501,1753,0.942589338019918
3407,validation,5287,0.2151814940879743,0.6199101804345746,0.4536612917253163,0.9941260878809368,0.009153622178384503,0.25201331621618905,0.10126455028631703,1.0052127000240514,0.7133243837979184,0.6768287238549886,1753,0.9355497229512978
42,internal_test,8835,0.2308545227672818,0.6544830194631225,0.6742838998269742,0.9726800951061474,0.009820338354556752,22.355182505821904,9.929528712464029,2.86060484413819,1.6092722216198194,0.8924175260415731,2204,0.8307444018559612
2026,internal_test,8835,0.28115267050977116,0.9418227851154728,0.8710952402790596,0.9544041953096744,0.011959975141905565,21.50893558965563,9.553650186322772,3.3838609609894608,1.7545678166562253,1.25583134476527,2204,0.8583388411544393
3407,internal_test,8835,0.3311292885474931,1.0575479875267955,0.9495652233030372,0.9458194755357721,0.014085934352337074,33.99785713635883,15.100869720469039,4.320603427095362,1.357071717478619,1.7823834083319394,2204,0.8462652596730809
42,domain_test,3707,0.09414144461028383,0.2553437847394419,0.20015077707311646,0.7737671598999447,0.004004690175343519,-0.5301376108750505,-3.7162913821418577,0.42346542695678524,0.2553437847394419,,1251,0.9388714733542319
2026,domain_test,3707,0.10796839877382731,0.3018235680337714,0.2237356786685864,0.7173092631681841,0.004592876045263971,1.1164690531915402,7.826504356020342,0.5274993561398137,0.3018235680337714,,1251,0.9484960857025134
3407,domain_test,3707,0.2483286630608112,0.7151197827546248,0.6577842499670006,-1.4434757173575887,0.010563672156643184,14.017365221014577,98.26243696463428,4.672455073671525,0.7151197827546248,,1251,0.9417515274949083
