seed,epoch,loss,n,mae,generation_mae,rmse,r2,nmae,energy_bias_kwh,energy_bias_percent,daily_absolute_energy_bias_kwh,worst_domain_generation_mae,high_power_mae,active_n
42,1,0.583795642729887,5287,2.2095552316373768,5.6679945636766265,4.108079097032552,0.5183388830576572,0.09399244046708069,-27.62914142910817,-11.102002956127755,13.033392090486675,7.564633122685327,8.82136051950602,1753
42,2,0.2761785383384252,5287,0.8173694842834609,1.8360440542255954,1.4003089281628023,0.9440356182690846,0.03477014355246048,1.841013903377664,0.7397602943983651,7.216812126377624,1.9184427978550078,2.1050736504832694,1753
42,3,0.18054326923237635,5287,0.6765637781841596,1.8945460559101301,1.390832416504874,0.9447905267870277,0.028780398757461,-3.0215531404855747,-1.2141271918940968,5.728431417827493,2.211853201620345,2.272361267293446,1753
42,4,0.13704146844210083,5287,0.6516883713013915,1.8848672513660167,1.4550706302299277,0.9395728454550636,0.02772222190492296,-4.0715839136186105,-1.6360528886175782,8.590929524712573,2.067383029724245,1.9029699471983554,1753
42,5,0.11164884952847491,5287,0.5589242568947946,1.607761736005157,1.2387755381283128,0.9562025085747914,0.0237761220853759,5.03381787046985,2.0226998736807618,7.626879215732836,1.7646639481746167,1.7541651923309356,1753
42,6,0.09539360737370461,5287,0.41158358310304166,1.1909412245717383,0.9166895405107799,0.9760167217166591,0.017508385795530705,-2.68744216810717,-1.07987397912101,4.89280238854264,1.2541364090149347,1.4305836505847667,1753
42,7,0.08497881831735679,5287,0.39309651752049046,1.152162619682697,0.8750666913978223,0.9781452269529584,0.016721963086426806,-9.740577973311678,-3.9139806689820027,5.181364836544135,1.4564388971137325,1.2204822611787607,1753
42,8,0.07603634690347406,5287,0.32743877368553975,0.9545498163369996,0.7019294070304832,0.9859378777447491,0.013928943255899096,-2.206280361925786,-0.8865324738010625,2.683988640808915,0.9940936797857288,0.993934799476633,1753
42,9,0.0694185756915009,5287,0.3051266413268674,0.9007167815211998,0.6433588304394688,0.9881867192025139,0.012979805736099675,-12.07235895945806,-4.850942082265964,3.9652383459812914,1.0047720835849208,0.9273716397126034,1753
42,10,0.06681273017347474,5287,0.2980001841385348,0.8775266169368918,0.6639277383330431,0.9874192763826151,0.012676652823954918,-6.145814841359769,-2.4695249655751748,3.7253050630907514,1.1305200176402803,0.8478661666796644,1753
42,11,0.05887540299253365,5287,0.279088193547101,0.818947020568968,0.6283017381904544,0.9887332017675056,0.011872154197114954,5.672745178908817,2.2794350634165914,4.799666333671502,1.1068699001493163,0.9368882094193525,1753
42,12,0.05487160054371529,5287,0.2664473882132245,0.78675131556295,0.5998501695042767,0.9897304936821872,0.011334426003771771,6.72483125876675,2.702186628051825,3.0944126558272,1.0506708895148131,0.7027644639836703,1753
42,13,0.051194508550400586,5287,0.2294365218570001,0.6779990019623648,0.5196549560213655,0.9922928441395403,0.009760017904434691,-3.5018084096555344,-1.4071044304992606,2.99159196966148,0.8076353607901905,0.6344371841154046,1753
42,14,0.05040938528158616,5287,0.20490253681425752,0.6007432564363255,0.4606155407520898,0.9939446232674536,0.008716364821890393,-1.042501345667591,-0.4189002054611562,2.1844907643218634,0.7194267478563569,0.6181132865307677,1753
42,15,0.04511861687468499,5287,0.27962649664306266,0.8289329813120855,0.6073918026911114,0.9894706430810033,0.01189505311404446,-17.79573473618637,-7.150721644917349,4.519324404607273,1.2075026430649551,0.6124506268591202,1753
42,16,0.04485852315484248,5287,0.20228239711197638,0.5899465503078842,0.4429983925752175,0.9943989648858751,0.008604906496949769,-5.662642522411178,-2.275375591551014,2.357264210692517,0.6547061052725355,0.5767887091883239,1753
42,17,0.04646107233753524,5287,0.21300781390351003,0.6200875583376272,0.4711747765521152,0.993663811905383,0.0090611558293169,5.000932043466028,2.009485617655184,1.7531128618774219,0.8182134530710393,0.6240345393792184,1753
42,18,0.04334361194488928,5287,0.21044007954702731,0.621731835034976,0.47118114647372256,0.993663640583418,0.008951926779424298,-0.5358673300621173,-0.21532340039253783,2.3182722768807893,0.8039699197822779,0.6650496387368366,1753
42,19,0.0415678186553348,5287,0.21038029679019288,0.6185106553386999,0.4648152660359867,0.9938336984225469,0.008949383676119043,-1.93296325781731,-0.7767075881614466,2.586573655857276,0.7683750354687915,0.5844862525569771,1753
42,20,0.04197548324069411,5287,0.18922308175507083,0.5575498317880553,0.431179985185832,0.9946938297403712,0.008049375273448666,0.6091629028176826,0.24477519018091232,1.962658829221151,0.7431108821545032,0.5227526478175019,1753
42,21,0.0387242190616647,5287,0.1897072644355202,0.5589300037631072,0.4263486492829051,0.9948120739434638,0.008069971957847272,0.6378565442604867,0.2563049328961337,2.368628158709925,0.7267298190123858,0.5768724994955811,1753
42,22,0.03834145393260976,5287,0.21529037979943638,0.6341956063095109,0.46901271597665006,0.99372182771024,0.009158254076064984,-10.088131914682442,-4.053635565404045,2.597380246693208,0.7041118669777521,0.8028496249010312,1753
42,23,0.03677752892457947,5287,0.20229809952522032,0.5952791668584706,0.44617971025048797,0.994318230268366,0.008605574463118203,-7.05299869571152,-2.8340515962200854,2.494058640806031,0.7554262385698455,0.5204269937235959,1753
42,24,0.035409969498508984,5287,0.1821519218865018,0.5354191268765977,0.40094579620050225,0.9954118741341969,0.007748574658255552,-2.428374318443618,-0.9757747605411565,1.5380650131743434,0.661254188342913,0.6020445012067702,1753
42,25,0.035525947156333434,5287,0.18714873285011072,0.546304535933148,0.4265822208265934,0.9948063880625602,0.007961134385343354,-0.7115656476417314,-0.28592288847871217,2.1801628896310263,0.7299633886500021,0.5978323872053465,1753
42,26,0.03473744312896557,5287,0.18769835595379386,0.5500584898922557,0.4368128196625123,0.9945542870444263,0.00798451484495467,2.3010623038564124,0.9246179641591793,2.332279049395116,0.7503898486497229,0.5801990471895394,1753
42,27,0.035232867507897704,5287,0.17446761822242907,0.5114053151540022,0.40185684537334243,0.9953909997051495,0.00742169147184111,-0.11285468528007432,-0.045347520219078154,2.2647396643039905,0.6489177859117626,0.5210376737665007,1753
42,28,0.033364274654268604,5287,0.16201379607017777,0.4759507133393627,0.35982482757474304,0.9963047294019138,0.006891917370486942,-2.4390375599486203,-0.9800594879191022,1.6222055265576614,0.587896518548478,0.4916457197419803,1753
42,29,0.03393690858381925,5287,0.21743417484292574,0.6415190244210948,0.4741792975989283,0.9935827468384888,0.009249449138815,0.596275586337247,0.23959678005805501,3.2046044941870475,0.6974284322314686,0.7734446103739994,1753
42,30,0.03324034258953689,5287,0.16986060123235944,0.4951476733131457,0.3746568182260234,0.9959938124616232,0.007225713220666524,-3.700755514079153,-1.487045797736142,1.9097034343356767,0.5554355681545341,0.5284227609102766,1753
42,31,0.032524313047989126,5287,0.160989097163783,0.46893011686008407,0.3701346301678303,0.9960899398835305,0.006848327624651705,3.724779028970525,1.49669897983103,2.020280708868831,0.613972966866154,0.5231283488300894,1753
42,32,0.03157839098388387,5287,0.17409249983625769,0.5093318533828558,0.3823783317863477,0.9958269792624564,0.007405734281871166,2.1438270672158577,0.8614373522509202,2.2817430470939324,0.658163634966688,0.6117007634003244,1753
42,33,0.03135854036537642,5287,0.22138423043876657,0.6545549444195918,0.4895050747366692,0.9931612237993732,0.009417480858555536,8.226033710751613,3.3054031305423317,3.8406857995292305,0.8406533745519377,1.0037129589061655,1753
42,34,0.030900162020602178,5287,0.14213903915629114,0.41405917119736807,0.32894606235318785,0.9969117433967818,0.006046463552778179,-1.7261699980190712,-0.69361346135052,1.4159940500475423,0.5118107624833667,0.4133418456287689,1753
42,35,0.030029054404687637,5287,0.15637757997533341,0.45398583036346696,0.36392814635306475,0.996219969662355,0.0066521579391910415,2.3854467618601327,0.9585255144394627,1.3084851796297572,0.6098689047495669,0.4713748109843604,1753
42,36,0.03017293235536703,5287,0.18379091696008573,0.5402663669727065,0.4229492531948078,0.9948944736787318,0.007818295996140152,8.162632024302932,3.2799269241179374,2.7035045889963105,0.7778022695619273,0.6901151990908204,1753
42,37,0.030246039564462052,5287,0.16376479777996078,0.48104887308313543,0.36673906309640997,0.9961613515816204,0.006966403367310192,-0.808201025456259,-0.3247531305590228,1.802447209760767,0.5918812865899389,0.5110434126209991,1753
42,38,0.02961169143889061,5287,0.1583062525325686,0.464600151340656,0.35850938055103837,0.9963316983437057,0.006734201889901467,-4.192529518283156,-1.6846515200286085,1.8816210460719083,0.5538634760529534,0.4564462645159735,1753
42,39,0.028292436344721884,5287,0.1710193598991664,0.5013435345121077,0.39365898377977854,0.9955771284299768,0.007275005744992724,4.907635889465464,1.9719971499021325,2.508533125351356,0.6985893592460243,0.6314788017849067,1753
42,40,0.027735337077342357,5287,0.14886469803867147,0.43795475663886385,0.3481895187833925,0.9965398463663542,0.006332566874864212,0.8853893802619704,0.355769126674227,1.7715735817384053,0.5825668955476124,0.43430173264639155,1753
42,41,0.026441128569242266,5287,0.15177864409094505,0.4436573675960369,0.34201455089954286,0.9966614863108978,0.006456523450794493,-3.531321954945249,-1.4189636287987424,1.8149073478938929,0.5737333410638712,0.4741750072301889,1753
42,42,0.028567870041912365,5287,0.15413807372709742,0.45320722629560733,0.3592551662427939,0.9963164205709987,0.006556891410118134,-0.7393300352184364,-0.2970792363421646,1.640073280969928,0.5699590792744509,0.4624145789049111,1753
